course_name,race_name,off_time,horse_name,betfair_price,trainer_name,jockey_name,market_rank
Catterick,Go Racing In Yorkshire Future Stars Apprentice Han,09:30:00,Bollin Neil (GB),3.00,T D Easterby,Jake Dickson,1
Catterick,Go Racing In Yorkshire Future Stars Apprentice Han,09:30:00,Kokinelli (FR),3.15,H Palmer,Liam Wright,2
Catterick,Go Racing In Yorkshire Future Stars Apprentice Han,09:30:00,Trapper John (GB),4.50,Harry Eustace,Elizabeth Gale,3
Catterick,Go Racing In Yorkshire Future Stars Apprentice Han,09:30:00,Kitsune Power (IRE),5.30,T D Easterby,C Horgan,4
Catterick,Go Racing In Yorkshire Future Stars Apprentice Han,09:30:00,Arctic Fox (GB),6.00,M Todhunter,Shay Farmer,5
Catterick,Go Racing In Yorkshire Future Stars Apprentice Han,09:30:00,Wasthatok (GB),7.00,P A Kirby,Rhys Elliott,6
Catterick,EBF 'Confined' Restricted Maiden Stakes (GBB Race),10:00:00,Sierra Sands (IRE),2.28,E A L Dunlop,Edward Greatrex,1
Catterick,EBF 'Confined' Restricted Maiden Stakes (GBB Race),10:00:00,Mystical Eye (GB),3.75,A M Balding,Callum Hutchinson,2
Catterick,EBF 'Confined' Restricted Maiden Stakes (GBB Race),10:00:00,Eagle Bay (IRE),5.50,E Walker,P Mulrennan,3
Catterick,EBF 'Confined' Restricted Maiden Stakes (GBB Race),10:00:00,Galileo Blue,5.60,H Palmer,Harry Davies,4
Catterick,EBF 'Confined' Restricted Maiden Stakes (GBB Race),10:00:00,Uncle Nader,9.00,Jack Jones,O J Orr,5
Catterick,EBF 'Confined' Restricted Maiden Stakes (GBB Race),10:00:00,Wagyu Star,9.00,J & S Quinn,Jason Hart,5
Catterick,EBF 'Confined' Restricted Maiden Stakes (GBB Race),10:00:00,Deep Sleep (GB),10.00,T D Easterby,Sean Kirrane,7
Catterick,EBF 'Confined' Restricted Maiden Stakes (GBB Race),10:00:00,This Rib (GB),11.00,D Loughnane,William Pyle,8
Catterick,EBF 'Confined' Restricted Maiden Stakes (GBB Race),10:00:00,West Sleekburn Lad,12.00,P D Niven,D Nolan,9
Catterick,EBF 'Confined' Restricted Maiden Stakes (GBB Race),10:00:00,Lilykoy (GB),14.00,Dylan Cunha,Morgan Cole,10
Catterick,Every Race Live On Racing TV Novice Stakes (GBB Ra,10:28:00,Secret Sonata (GB),2.30,A M Balding,Callum Hutchinson,1
Catterick,Every Race Live On Racing TV Novice Stakes (GBB Ra,10:28:00,Proud To Be Fox (GB),3.00,T D Easterby,Sean Kirrane,2
Catterick,Every Race Live On Racing TV Novice Stakes (GBB Ra,10:28:00,Savannah Grey (IRE),3.25,Ollie Sangster,S D Bowen,3
Catterick,Every Race Live On Racing TV Novice Stakes (GBB Ra,10:28:00,Pension Pot (GB),3.60,T D Barron,William Pyle,4
Catterick,Every Race Live On Racing TV Novice Stakes (GBB Ra,10:28:00,He's Our Cracker,9.40,J Candlish,Darragh Keenan,5
Catterick,Every Race Live On Racing TV Novice Stakes (GBB Ra,10:28:00,Nanyuki (IRE),12.00,Mrs A Duffield,Rowan Scott,6
Catterick,Every Race Live On Racing TV Novice Stakes (GBB Ra,10:28:00,Approaching Dawn (GB),12.00,J S Goldie,P Mulrennan,6
Catterick,Every Race Live On Racing TV Novice Stakes (GBB Ra,10:28:00,Harry Mole (GB),23.00,Steph Hollinshead,D C Costello,8
Catterick,Every Race Live On Racing TV Novice Stakes (GBB Ra,10:28:00,Benjamin Brodie (GB),42.00,B Rothwell,Aiden Brookes,9
Catterick,Download The Raceday Ready App Handicap (GBBPlus R,10:56:00,Thosewerethedays (IRE),3.00,R M Beckett,Edward Greatrex,1
Catterick,Download The Raceday Ready App Handicap (GBBPlus R,10:56:00,Aajej (GB),4.00,S & E Crisford,Harry Davies,2
Catterick,Download The Raceday Ready App Handicap (GBBPlus R,10:56:00,Fouroneohfever (IRE),5.60,G Boughey,Tommie Jakes,3
Catterick,Download The Raceday Ready App Handicap (GBBPlus R,10:56:00,Made All (GB),6.00,S England,O J Orr,4
Catterick,Download The Raceday Ready App Handicap (GBBPlus R,10:56:00,Ghaiyya (GB),6.20,C Johnston,Jason Hart,5
Catterick,Download The Raceday Ready App Handicap (GBBPlus R,10:56:00,Mafting (GB),6.60,D O'Meara,D Nolan,6
Catterick,Download The Raceday Ready App Handicap (GBBPlus R,10:56:00,Arkinthestars (GB),7.60,K R Burke,Pierre-Louis Jamin,7
Catterick,Download The Raceday Ready App Handicap (GBBPlus R,10:56:00,Spanish Hustle (GB),9.00,J S Goldie,Lauren Young,8
Catterick,Download The Raceday Ready App Handicap (GBBPlus R,10:56:00,Yellow Card (GB),10.00,M Bowen,C Horgan,9
Catterick,Download The Raceday Ready App Handicap (GBBPlus R,10:56:00,Playtime (GB),10.00,A M Balding,Callum Hutchinson,9
Catterick,Download The Raceday Ready App Handicap (GBBPlus R,10:56:00,Elsie's Ruan,12.00,G Tutty,Joanna Mason,11
Catterick,Download The Raceday Ready App Handicap (GBBPlus R,10:56:00,Natzor (FR),14.00,Lizzie Quinlan,P Mulrennan,12
Catterick,William Hill Football Final One Standing Handicap ,11:23:00,Highfield Viking (GB),2.70,J & S Quinn,Jason Hart,1
Catterick,William Hill Football Final One Standing Handicap ,11:23:00,Vince Le Prince (GB),4.50,T D Easterby,D Fentiman,2
Catterick,William Hill Football Final One Standing Handicap ,11:23:00,Quest For Fun (GB),4.80,T D Easterby,Sean Kirrane,3
Catterick,William Hill Football Final One Standing Handicap ,11:23:00,Mudamer (IRE),4.80,G A Harker,O McSweeney,3
Catterick,William Hill Football Final One Standing Handicap ,11:23:00,Havana Prince (GB),5.50,T Coyle & K Wood,Mohammed Tabti,5
Catterick,William Hill Football Final One Standing Handicap ,11:23:00,Native Instinct (GB),5.60,E Bethell,O J Orr,6
Catterick,William Hill Football Final One Standing Handicap ,11:23:00,Wreck It Ryley (IRE),6.20,A D Brown,Darragh Keenan,7
Catterick,William Hill Football Final One Standing Handicap ,11:23:00,Magic Boy (GER),8.00,N Tinkler,Faye McManoman,8
Catterick,William Hill Football Final One Standing Handicap ,11:23:00,In A Hurry (GB),9.20,D O'Meara,D Nolan,9
Catterick,William Hill Football Final One Standing Handicap ,11:23:00,Chuti Manika (IRE),11.00,C Johnston,S D Bowen,10
Catterick,William Hill Football Final One Standing Handicap ,11:50:00,Ahamoment (IRE),3.70,T D Barron,William Pyle,1
Catterick,William Hill Football Final One Standing Handicap ,11:50:00,Woodstock (IRE),4.50,Mrs R Carr,Joanna Mason,2
Catterick,William Hill Football Final One Standing Handicap ,11:50:00,Tactical Plan (GB),5.10,E A L Dunlop,P Mulrennan,3
Catterick,William Hill Football Final One Standing Handicap ,11:50:00,Catalyse (IRE),7.00,R A Fahey,O J Orr,4
Catterick,William Hill Football Final One Standing Handicap ,11:50:00,Yaaser (IRE),7.00,J S Goldie,Amie Waugh,4
Catterick,William Hill Football Final One Standing Handicap ,11:50:00,U Sure Do (IRE),7.20,T D Easterby,Sean Kirrane,6
Catterick,William Hill Football Final One Standing Handicap ,11:50:00,Sir Garfield (IRE),8.00,J & S Quinn,Jason Hart,7
Catterick,William Hill Football Final One Standing Handicap ,11:50:00,Cliffcake (IRE),11.00,S R Bowring,Darragh Keenan,8
Catterick,William Hill Football Final One Standing Handicap ,11:50:00,Coconut Bay (GB),11.00,T Davidson,Rowan Scott,8
Catterick,William Hill Football Final One Standing Handicap ,11:50:00,Danzan (IRE),11.00,T D Easterby,D Fentiman,8
Ascot,Qipco British Champions Long Distance Cup (Group 1,11:55:00,Trawlerman (IRE),1.53,J & T Gosden,W Buick,1
Ascot,Qipco British Champions Long Distance Cup (Group 1,11:55:00,Sweet William (IRE),6.20,J & T Gosden,R Havlin,2
Ascot,Qipco British Champions Long Distance Cup (Group 1,11:55:00,Stay True (IRE),7.60,A P O'Brien,C Soumillon,3
Ascot,Qipco British Champions Long Distance Cup (Group 1,11:55:00,Al Qareem (IRE),15.50,K R Burke,C Lee,4
Ascot,Qipco British Champions Long Distance Cup (Group 1,11:55:00,Saratoga (IRE),100.00,A P O'Brien,Wayne Lordan,5
Stratford,Nigel Reeve 60th Birthday Celebration Female Jocke,12:15:00,Electric Eddy (GB),3.15,N & W Twiston-Davies,Miss Amber Jackson-Fennell,1
Stratford,Nigel Reeve 60th Birthday Celebration Female Jocke,12:15:00,Sain Et Sauf (GB),4.70,F O'Brien,Alice Stevens,2
Stratford,Nigel Reeve 60th Birthday Celebration Female Jocke,12:15:00,Gerard Mentor (FR),6.00,K Bailey & M Nicholls,Isabelle Ryder,3
Stratford,Nigel Reeve 60th Birthday Celebration Female Jocke,12:15:00,Zenato (IRE),6.00,F O'Brien,Fern O'Brien,3
Stratford,Nigel Reeve 60th Birthday Celebration Female Jocke,12:15:00,Coup De Gold (IRE),6.00,Evan Williams,Miss Eleanor Williams,3
Stratford,Nigel Reeve 60th Birthday Celebration Female Jocke,12:15:00,Character Testing (GB),6.00,T Ellis,Miss Gina Andrews,3
Stratford,Nigel Reeve 60th Birthday Celebration Female Jocke,12:15:00,Freddie Fleetfoot (GB),9.20,C J Gray,Miss Thomosina Eyston,7
Stratford,Nigel Reeve 60th Birthday Celebration Female Jocke,12:15:00,Virtual Hug (IRE),10.00,Mrs N S Evans,Miss Heidi Palin,8
Stratford,Nigel Reeve 60th Birthday Celebration Female Jocke,12:15:00,Granny B (IRE),10.00,M Mullineaux,Lily Pinchin,8
Stratford,Nigel Reeve 60th Birthday Celebration Female Jocke,12:15:00,Lusso Milan (IRE),11.00,D G Bridgwater,Miss Molly Legg,10
Stratford,Nigel Reeve 60th Birthday Celebration Female Jocke,12:15:00,Barbie Girlz (IRE),12.00,Katy Price,Miss C Morris,11
Catterick,William Hill Catterick Dash Handicap,12:20:00,Vintage Clarets (GB),4.10,R A Fahey,Ethan Tindall,1
Catterick,William Hill Catterick Dash Handicap,12:20:00,Venture Capital (GB),5.50,K A Ryan,S A Gray,2
Catterick,William Hill Catterick Dash Handicap,12:20:00,Lexington Blitz (IRE),5.70,R M H Cowell,Edward Greatrex,3
Catterick,William Hill Catterick Dash Handicap,12:20:00,I'm Next,7.60,T D Easterby,D Fentiman,4
Catterick,William Hill Catterick Dash Handicap,12:20:00,Hedge Fund (IRE),8.00,M Appleby,S D Bowen,5
Catterick,William Hill Catterick Dash Handicap,12:20:00,Kodiac Thriller (IRE),8.20,M Walford,Rhys Elliott,6
Catterick,William Hill Catterick Dash Handicap,12:20:00,Hiya Maite (GB),9.80,S R Bowring,Jack Dace,7
Catterick,William Hill Catterick Dash Handicap,12:20:00,Rosenpur (GER),9.80,J Candlish,William Pyle,7
Catterick,William Hill Catterick Dash Handicap,12:20:00,Castan (GB),10.00,B Smart,Aiden Brookes,9
Catterick,William Hill Catterick Dash Handicap,12:20:00,Curious Rover (IRE),17.00,K Scott,Joanna Mason,10
Catterick,William Hill Catterick Dash Handicap,12:20:00,Jumbeau (GB),18.00,Tom Clover,Jack Doughty,11
Ascot,Qipco British Champions Day Two-Year-Old Condition,12:30:00,Words Of Truth (GB),2.48,C Appleby,W Buick,1
Ascot,Qipco British Champions Day Two-Year-Old Condition,12:30:00,Division (GB),6.00,W J Haggas,James Doyle,2
Ascot,Qipco British Champions Day Two-Year-Old Condition,12:30:00,Siren Suit (GB),8.40,J & T Gosden,R Havlin,3
Ascot,Qipco British Champions Day Two-Year-Old Condition,12:30:00,Gentle George (GB),10.00,M Appleby,Alistair Rawlinson,4
Ascot,Qipco British Champions Day Two-Year-Old Condition,12:30:00,Mission Central (IRE),11.00,A P O'Brien,C Soumillon,5
Ascot,Qipco British Champions Day Two-Year-Old Condition,12:30:00,Sir Albert (IRE),13.50,A M Balding,Oisin Murphy,6
Ascot,Qipco British Champions Day Two-Year-Old Condition,12:30:00,Egoli (GB),18.00,R M Beckett,Rossa Ryan,7
Ascot,Qipco British Champions Day Two-Year-Old Condition,12:30:00,Ardisia (IRE),18.50,H Palmer,Tom Marquand,8
Ascot,Qipco British Champions Day Two-Year-Old Condition,12:30:00,Kamakameleon (GB),22.00,Dylan Cunha,Cieren Fallon,9
Ascot,Qipco British Champions Day Two-Year-Old Condition,12:30:00,Kansas (IRE),26.00,A P O'Brien,Wayne Lordan,10
Ascot,Qipco British Champions Day Two-Year-Old Condition,12:30:00,Super Soldier (IRE),40.00,K R Burke,C Lee,11
Ascot,Qipco British Champions Day Two-Year-Old Condition,12:30:00,Watcha Snoop (IRE),75.00,H Palmer,D Egan,12
Ascot,Qipco British Champions Day Two-Year-Old Condition,12:30:00,Slay Queen (IRE),120.00,R Hannon,Joe Leavy,13
Limerick,Limerick Show Maiden Hurdle,12:45:00,Brosna Town (IRE),2.00,D K Weld,J C Gainford,1
Limerick,Limerick Show Maiden Hurdle,12:45:00,Certamen (IRE),2.00,E Buckley,Kieren Buckley,1
Limerick,Limerick Show Maiden Hurdle,12:45:00,Call Tadgh (IRE),2.00,S Ryan,L Quinlan,1
Limerick,Limerick Show Maiden Hurdle,12:45:00,Whoswhointhezoo (IRE),2.00,P Nolan,Conor Stone-Walsh,1
Limerick,Limerick Show Maiden Hurdle,12:45:00,Flash The Badge (IRE),2.00,J C McConnell,Alex Harvey,1
Limerick,Limerick Show Maiden Hurdle,12:45:00,Talk The Talk (FR),2.00,J P O'Brien,J J Slevin,1
Limerick,Limerick Show Maiden Hurdle,12:45:00,Splendid Fellow,2.00,H De Bromhead,Darragh O'Keeffe,1
Limerick,Limerick Show Maiden Hurdle,12:45:00,Frankie's First,2.00,J M Burke,Niall Moore,1
Limerick,Limerick Show Maiden Hurdle,12:45:00,Artic Chief,2.00,L Lennon,Caragh Monaghan,1
Limerick,Limerick Show Maiden Hurdle,12:45:00,Starting Fifteen (GB),2.00,E McNamara,Sean Flanagan,1
Limerick,Limerick Show Maiden Hurdle,12:45:00,Maharajjah (IRE),2.00,L Young,Ryan Treacy,1
Limerick,Limerick Show Maiden Hurdle,12:45:00,Glin Road Boy (IRE),2.00,E M O'Sullivan,Phillip Enright,1
Limerick,Limerick Show Maiden Hurdle,12:45:00,Hesgonethatway,2.00,P J Rothwell,Tiernan Power Roche,1
Limerick,Limerick Show Maiden Hurdle,12:45:00,Louiescall (IRE),2.00,D H Kelly,Cian Quirke,1
Limerick,Limerick Show Maiden Hurdle,12:45:00,Royal Approval (USA),2.00,G Elliott,Sam Ewing,1
Limerick,Limerick Show Maiden Hurdle,12:45:00,Touch The Moon (IRE),2.30,W Durkan,Philip Byrnes,16
Stratford,Diesel Technic 10 Year Anniversary 'National Hunt',12:50:00,Absolutely Doyen (IRE),1.25,P F Nicholls,Freddie Gingell,1
Stratford,Diesel Technic 10 Year Anniversary 'National Hunt',12:50:00,Night Stalker (GB),5.20,Miss S West,M Goldstein,2
Stratford,Diesel Technic 10 Year Anniversary 'National Hunt',12:50:00,Vesalius (IRE),12.00,F Brennan,Isabelle Ryder,3
Stratford,Diesel Technic 10 Year Anniversary 'National Hunt',12:50:00,Aceofadiamond (IRE),23.00,Ella Pickard,Miss Megan Bevan,4
Catterick,William Hill Each Way Extra Veterans' Handicap,12:55:00,Lipsink (IRE),3.75,M Appleby,Jack Dace,1
Catterick,William Hill Each Way Extra Veterans' Handicap,12:55:00,Monsieur Kodi (IRE),4.50,R A Fahey,O J Orr,2
Catterick,William Hill Each Way Extra Veterans' Handicap,12:55:00,Alligator Alley (GB),4.80,Mrs R Carr,Kaiya Fraser,3
Catterick,William Hill Each Way Extra Veterans' Handicap,12:55:00,Spring Bloom (GB),5.50,Darryll Holland,Darragh Keenan,4
Catterick,William Hill Each Way Extra Veterans' Handicap,12:55:00,Beauty Choice (GB),6.00,M & D Easterby,Joanna Mason,5
Catterick,William Hill Each Way Extra Veterans' Handicap,12:55:00,Ancient Times (USA),6.20,Harry Eustace,D Nolan,6
Catterick,William Hill Each Way Extra Veterans' Handicap,12:55:00,Paws For Thought (IRE),8.00,D McCain Jnr,Charlie Maggs,7
Catterick,William Hill Each Way Extra Veterans' Handicap,12:55:00,Bosh (IRE),9.00,M Dods,P Mulrennan,8
Catterick,William Hill Each Way Extra Veterans' Handicap,12:55:00,Zarzyni (IRE),10.00,T D Barron,William Pyle,9
Catterick,William Hill Each Way Extra Veterans' Handicap,12:55:00,Hurt You Never (IRE),11.00,Adrian Nicholls,J Garritty,10
Ascot,Qipco British Champions Sprint Stakes (Group 1),13:05:00,Lazzat (FR),5.40,J Reynier,James Doyle,1
Ascot,Qipco British Champions Sprint Stakes (Group 1),13:05:00,Montassib (GB),7.80,W J Haggas,Cieren Fallon,2
Ascot,Qipco British Champions Sprint Stakes (Group 1),13:05:00,Kind Of Blue (GB),8.00,J R Fanshawe,Daniel Muscutt,3
Ascot,Qipco British Champions Sprint Stakes (Group 1),13:05:00,Big Mojo (IRE),10.50,M Appleby,Tom Marquand,4
Ascot,Qipco British Champions Sprint Stakes (Group 1),13:05:00,King Cuan (GB),14.00,P Twomey,W J Lee,5
Ascot,Qipco British Champions Sprint Stakes (Group 1),13:05:00,Flora Of Bermuda (IRE),14.00,A M Balding,Oisin Murphy,5
Ascot,Qipco British Champions Sprint Stakes (Group 1),13:05:00,Rayevka (IRE),14.00,F Graffard,M Barzalona,5
Ascot,Qipco British Champions Sprint Stakes (Group 1),13:05:00,Inisherin (GB),16.00,K A Ryan,T Eaves,8
Ascot,Qipco British Champions Sprint Stakes (Group 1),13:05:00,Ten Bob Tony (IRE),26.00,E Walker,K Shoemark,9
Ascot,Qipco British Champions Sprint Stakes (Group 1),13:05:00,No Half Measures (IRE),28.00,R Hughes,N Callan,10
Ascot,Qipco British Champions Sprint Stakes (Group 1),13:05:00,Witness Stand (GB),29.00,Dr R Newland & J Insole,Colin Keane,11
Ascot,Qipco British Champions Sprint Stakes (Group 1),13:05:00,Iberian (IRE),32.00,C Hills,Billy Loughnane,12
Ascot,Qipco British Champions Sprint Stakes (Group 1),13:05:00,Art Power (IRE),48.00,T D Easterby,D Allan,13
Ascot,Qipco British Champions Sprint Stakes (Group 1),13:05:00,Spy Chief (GB),50.00,J & T Gosden,W Buick,14
Ascot,Qipco British Champions Sprint Stakes (Group 1),13:05:00,Quinault (GER),70.00,S C Williams,S M Levey,15
Ascot,Qipco British Champions Sprint Stakes (Group 1),13:05:00,King's Gamble,70.00,R M Beckett,Rossa Ryan,15
Ascot,Qipco British Champions Sprint Stakes (Group 1),13:05:00,James's Delight,70.00,C G Cox,C Lee,15
Ascot,Qipco British Champions Sprint Stakes (Group 1),13:05:00,Run To Freedom (GB),80.00,H Candy,Rob Hornby,18
Ascot,Qipco British Champions Sprint Stakes (Group 1),13:05:00,Powerful Glory (IRE),110.00,R A Fahey,J P Spencer,19
Leopardstown,Irish EBF Fillies Maiden (Smullen Series),13:10:00,Amelia Earhart (IRE),1.50,A P O'Brien,J Cleary,1
Leopardstown,Irish EBF Fillies Maiden (Smullen Series),13:10:00,Rose Sienna,1.50,J P Murtagh,Jamie Powell,1
Leopardstown,Irish EBF Fillies Maiden (Smullen Series),13:10:00,Chasing Paradise,1.50,J P Murtagh,Seamie Heffernan,1
Leopardstown,Irish EBF Fillies Maiden (Smullen Series),13:10:00,Knowinmeknowinyou,1.50,J P O'Brien,J M Sheridan,1
Leopardstown,Irish EBF Fillies Maiden (Smullen Series),13:10:00,Aravalli,1.50,Mrs J Harrington,Nathan Crosse,1
Leopardstown,Irish EBF Fillies Maiden (Smullen Series),13:10:00,Musical Chimes (GB),1.50,A P O'Brien,Ronan Whelan,1
Leopardstown,Irish EBF Fillies Maiden (Smullen Series),13:10:00,Almeiyda,1.50,D K Weld,Chris Hayes,1
Leopardstown,Irish EBF Fillies Maiden (Smullen Series),13:10:00,Ballycotton Bay,1.50,J S Bolger,Ross Coakley,1
Leopardstown,Irish EBF Fillies Maiden (Smullen Series),13:10:00,Camelot Queen (GB),1.50,A P O'Brien,Declan McDonogh,1
Leopardstown,Irish EBF Fillies Maiden (Smullen Series),13:10:00,I Hope You Dance,1.50,H De Bromhead,Andrew Slattery,1
Newton Abbot,British Stallion Studs EBF 'National Hunt' Novices,13:15:00,Grey Lagoon,2.10,P Hobbs & J White,Callum Pritchard,1
Newton Abbot,British Stallion Studs EBF 'National Hunt' Novices,13:15:00,Madajovy (GB),2.10,D Skelton,Tristan Durrell,1
Newton Abbot,British Stallion Studs EBF 'National Hunt' Novices,13:15:00,Jackomy,2.10,N P Mulholland,C O'Farrell,1
Newton Abbot,British Stallion Studs EBF 'National Hunt' Novices,13:15:00,Havefunontherun (IRE),2.10,F O'Brien,J J Burke,1
Newton Abbot,British Stallion Studs EBF 'National Hunt' Novices,13:15:00,Idaho Bridge (IRE),2.10,P Hobbs & J White,Sean Houlihan,1
Newton Abbot,British Stallion Studs EBF 'National Hunt' Novices,13:15:00,Kapitein Kool (IRE),2.10,J W Mullins,James Best,1
Newton Abbot,British Stallion Studs EBF 'National Hunt' Novices,13:15:00,Le Soleil Reve (FR),2.10,Mrs J Williams,C Gethings,1
Newton Abbot,British Stallion Studs EBF 'National Hunt' Novices,13:15:00,Hot To Go,2.16,N & W Twiston-Davies,Sam Twiston-Davies,8
Newton Abbot,British Stallion Studs EBF 'National Hunt' Novices,13:15:00,Calvino (IRE),3.60,P F Nicholls,H Cobden,9
Newton Abbot,British Stallion Studs EBF 'National Hunt' Novices,13:15:00,Fight My Fire (IRE),22.00,J Tizzard,Brendan Powell,10
Newton Abbot,British Stallion Studs EBF 'National Hunt' Novices,13:15:00,El Arco (IRE),26.00,H Dickin,Bradley Harris,11
Limerick,Vision Contracting Maiden Hurdle,13:20:00,How's The Head,2.00,T Townend,Miss J Townend,1
Limerick,Vision Contracting Maiden Hurdle,13:20:00,Kazbek (IRE),2.00,Peter Fahey,Jake Coen,1
Limerick,Vision Contracting Maiden Hurdle,13:20:00,Apalachiyeats (IRE),2.00,E M O'Sullivan,Mr Alan O'Sullivan,1
Limerick,Vision Contracting Maiden Hurdle,13:20:00,Bridge View Star (IRE),2.00,W J O'Doherty,Philip Byrnes,1
Limerick,Vision Contracting Maiden Hurdle,13:20:00,We Be Grand (IRE),2.00,E McNamara,Sean Flanagan,1
Limerick,Vision Contracting Maiden Hurdle,13:20:00,Three County Star (IRE),2.00,B Mortell,Calum Hogan,1
Limerick,Vision Contracting Maiden Hurdle,13:20:00,Uptaurintop (IRE),2.00,E M O'Sullivan,Phillip Enright,1
Limerick,Vision Contracting Maiden Hurdle,13:20:00,Run For The Border (IRE),2.00,J P Ryan,Michael Kenneally,1
Limerick,Vision Contracting Maiden Hurdle,13:20:00,Easy Doyen (IRE),2.00,C O'Dwyer,Charlie O'Dwyer,1
Limerick,Vision Contracting Maiden Hurdle,13:20:00,Mistyburn (IRE),2.00,P J Rothwell,Tiernan Power Roche,1
Stratford,Mid-Warwickshire Cleaning Supplies Handicap Chase ,13:30:00,Juggernaut (FR),2.00,A J Honeyball,Rex Dingle,1
Stratford,Mid-Warwickshire Cleaning Supplies Handicap Chase ,13:30:00,Salley Gardens (IRE),4.20,J Coulson,S Bowen,2
Stratford,Mid-Warwickshire Cleaning Supplies Handicap Chase ,13:30:00,Midnight Jewel (GB),5.90,C E Longsdon,Lily Pinchin,3
Stratford,Mid-Warwickshire Cleaning Supplies Handicap Chase ,13:30:00,Cartonne (FR),8.40,D McCain Jnr,Theo Gillard,4
Stratford,Mid-Warwickshire Cleaning Supplies Handicap Chase ,13:30:00,Mix Of Clover (GB),9.40,A Ralph,Tom Broughton,5
Leopardstown,Irish EBF (C & G) Maiden (Smullen Series),13:40:00,Mergus Serrator,2.60,G P Cromwell,Robert Whearty,1
Leopardstown,Irish EBF (C & G) Maiden (Smullen Series),13:40:00,Fits Perfect (IRE),2.60,J P O'Brien,Declan McDonogh,1
Leopardstown,Irish EBF (C & G) Maiden (Smullen Series),13:40:00,Grand Premiere,2.60,Mrs J Harrington,Chris Hayes,1
Leopardstown,Irish EBF (C & G) Maiden (Smullen Series),13:40:00,Il Corsaro,2.60,A P O'Brien,M Crehan,1
Leopardstown,Irish EBF (C & G) Maiden (Smullen Series),13:40:00,Star Chamber (GB),2.60,G M Lyons,Jack Kearney,1
Leopardstown,Irish EBF (C & G) Maiden (Smullen Series),13:40:00,Eniac (IRE),2.60,Donnacha O'Brien,Gavin Ryan,1
Leopardstown,Irish EBF (C & G) Maiden (Smullen Series),13:40:00,Darius Dark,2.60,J P Murtagh,N G McCullagh,1
Leopardstown,Irish EBF (C & G) Maiden (Smullen Series),13:40:00,Sharkeyboy (FR),2.60,W P Mullins,J M Sheridan,1
Leopardstown,Irish EBF (C & G) Maiden (Smullen Series),13:40:00,Ex Animo (IRE),2.60,A P O'Brien,Ronan Whelan,1
Leopardstown,Irish EBF (C & G) Maiden (Smullen Series),13:40:00,Hes A Big Boy Now,2.60,J P Murtagh,Jamie Powell,1
Leopardstown,Irish EBF (C & G) Maiden (Smullen Series),13:40:00,Antigua,2.62,A P O'Brien,J Cleary,11
Leopardstown,Irish EBF (C & G) Maiden (Smullen Series),13:40:00,Zia Zabel (IRE),3.75,N Lupini,Seamie Heffernan,12
Ascot,Qipco British Champions Fillies & Mares Stakes (Fi,13:45:00,Kalpana (GB),3.90,A M Balding,Colin Keane,1
Ascot,Qipco British Champions Fillies & Mares Stakes (Fi,13:45:00,Estrange (IRE),6.40,D O'Meara,D Tudhope,2
Ascot,Qipco British Champions Fillies & Mares Stakes (Fi,13:45:00,Waardah (IRE),7.80,Owen Burrows,Callum Rodriguez,3
Ascot,Qipco British Champions Fillies & Mares Stakes (Fi,13:45:00,Quisisana,9.00,F Graffard,M Barzalona,4
Ascot,Qipco British Champions Fillies & Mares Stakes (Fi,13:45:00,One Look (IRE),9.60,P Twomey,James Doyle,5
Ascot,Qipco British Champions Fillies & Mares Stakes (Fi,13:45:00,Wemightakedlongway (IRE),12.00,J P O'Brien,Dylan Browne McMonagle,6
Ascot,Qipco British Champions Fillies & Mares Stakes (Fi,13:45:00,Bedtime Story (IRE),12.50,A P O'Brien,C Soumillon,7
Ascot,Qipco British Champions Fillies & Mares Stakes (Fi,13:45:00,Danielle (GB),19.00,J & T Gosden,Oisin Murphy,8
Ascot,Qipco British Champions Fillies & Mares Stakes (Fi,13:45:00,Latakia,19.50,F Graffard,W Buick,9
Ascot,Qipco British Champions Fillies & Mares Stakes (Fi,13:45:00,Ballet Slippers (IRE),60.00,A P O'Brien,Wayne Lordan,10
Newton Abbot,Weatherbys & Birdie Calendars Conditional Jockeys',13:54:00,Moonlight Artist (GB),1.75,J Tizzard,Ben Bromley,1
Newton Abbot,Weatherbys & Birdie Calendars Conditional Jockeys',13:54:00,Lock Out (IRE),1.75,D Pipe,Rian Corcoran,1
Newton Abbot,Weatherbys & Birdie Calendars Conditional Jockeys',13:54:00,Of Corse I Can (FR),1.75,N P Mulholland,Bradley Harris,1
Newton Abbot,Weatherbys & Birdie Calendars Conditional Jockeys',13:54:00,Esperti (IRE),1.75,D A Rees,Shane Fenelon,1
Newton Abbot,Weatherbys & Birdie Calendars Conditional Jockeys',13:54:00,Testflight (GB),1.75,Mrs S Gardner,C P O'Shea,1
Newton Abbot,Weatherbys & Birdie Calendars Conditional Jockeys',13:54:00,Blackacre (GB),1.75,Evan Williams,Ellis Collier,1
Limerick,Irish Stallion Farms EBF Cailin Alainn Mares Hurdl,13:55:00,Millstream Lady (IRE),2.00,E McNamara,Sean Flanagan,1
Limerick,Irish Stallion Farms EBF Cailin Alainn Mares Hurdl,13:55:00,Getaway Beo (IRE),2.00,G Elliott,Sam Ewing,1
Limerick,Irish Stallion Farms EBF Cailin Alainn Mares Hurdl,13:55:00,Thisistheway (IRE),2.00,Yvonne Latta,Darragh O'Keeffe,1
Limerick,Irish Stallion Farms EBF Cailin Alainn Mares Hurdl,13:55:00,World Of Fortunes (IRE),2.00,L Kenny,J C Gainford,1
Limerick,Irish Stallion Farms EBF Cailin Alainn Mares Hurdl,13:55:00,Feet Of A Dancer (FR),2.00,P Nolan,Conor Stone-Walsh,1
Limerick,Irish Stallion Farms EBF Cailin Alainn Mares Hurdl,13:55:00,Mousey Brown (IRE),2.00,D A McLoughlin,Patrick M O'Brien,1
Limerick,Irish Stallion Farms EBF Cailin Alainn Mares Hurdl,13:55:00,Farfromnowhere (IRE),2.00,P Nolan,Sean O'Keeffe,1
Stratford,Steve And Madeleine's 10 Year Anniversary Mares' H,14:05:00,Kitty Foyle (IRE),2.82,Daisy Hitchins,Robbie David,1
Stratford,Steve And Madeleine's 10 Year Anniversary Mares' H,14:05:00,Seeyouinmydreams (GB),2.84,P F Nicholls,Jay Tidball,2
Stratford,Steve And Madeleine's 10 Year Anniversary Mares' H,14:05:00,Lagertha (IRE),2.90,Katy Price,S Bowen,3
Stratford,Steve And Madeleine's 10 Year Anniversary Mares' H,14:05:00,Getmetothemoon (GB),7.00,A J Honeyball,Chad Bament,4
Stratford,Steve And Madeleine's 10 Year Anniversary Mares' H,14:05:00,Quick Of The Night (GB),9.00,Dave Roberts,Lee Edwards,5
Leopardstown,Mongey Communications Eyrefield Stakes (Group 3),14:15:00,South Island (IRE),1.90,Donnacha O'Brien,Gavin Ryan,1
Leopardstown,Mongey Communications Eyrefield Stakes (Group 3),14:15:00,A Boy Named Susie (IRE),1.90,Donnacha O'Brien,Chris Hayes,1
Leopardstown,Mongey Communications Eyrefield Stakes (Group 3),14:15:00,Listentodwindblow (IRE),1.90,J P O'Brien,Wayne Hassett,1
Leopardstown,Mongey Communications Eyrefield Stakes (Group 3),14:15:00,Thread Of Gold (IRE),1.90,W P Mullins,J M Sheridan,1
Leopardstown,Mongey Communications Eyrefield Stakes (Group 3),14:15:00,Christmas Day (IRE),1.90,A P O'Brien,J Cleary,1
Leopardstown,Mongey Communications Eyrefield Stakes (Group 3),14:15:00,Nil Bua Gan Dua (USA),1.90,J P O'Brien,Declan McDonogh,1
Leopardstown,Mongey Communications Eyrefield Stakes (Group 3),14:15:00,Port Of Spain (IRE),1.90,A P O'Brien,S B Kelly,1
Leopardstown,Mongey Communications Eyrefield Stakes (Group 3),14:15:00,Piazza San Marco (USA),1.97,A P O'Brien,Ronan Whelan,8
Ascot,Queen Elizabeth II Stakes (Sponsored By Qipco) (Gr,14:25:00,Field Of Gold (IRE),2.94,J & T Gosden,Colin Keane,1
Ascot,Queen Elizabeth II Stakes (Sponsored By Qipco) (Gr,14:25:00,Rosallion (IRE),6.40,R Hannon,S M Levey,2
Ascot,Queen Elizabeth II Stakes (Sponsored By Qipco) (Gr,14:25:00,Never So Brave (IRE),9.20,A M Balding,Oisin Murphy,3
Ascot,Queen Elizabeth II Stakes (Sponsored By Qipco) (Gr,14:25:00,Fallen Angel (FR),10.00,K R Burke,James Doyle,4
Ascot,Queen Elizabeth II Stakes (Sponsored By Qipco) (Gr,14:25:00,Docklands (GB),16.00,Harry Eustace,Tom Marquand,5
Ascot,Queen Elizabeth II Stakes (Sponsored By Qipco) (Gr,14:25:00,The Lion In Winter (IRE),19.00,A P O'Brien,C Soumillon,6
Ascot,Queen Elizabeth II Stakes (Sponsored By Qipco) (Gr,14:25:00,Carl Spackler (IRE),24.00,J & T Gosden,W Buick,7
Ascot,Queen Elizabeth II Stakes (Sponsored By Qipco) (Gr,14:25:00,Facteur Cheval (IRE),29.00,J Reynier,M Barzalona,8
Ascot,Queen Elizabeth II Stakes (Sponsored By Qipco) (Gr,14:25:00,Marvelman (IRE),30.00,A M Balding,P J McDonald,9
Ascot,Queen Elizabeth II Stakes (Sponsored By Qipco) (Gr,14:25:00,Alakazi (FR),32.00,J P Murtagh,Ben Coen,10
Ascot,Queen Elizabeth II Stakes (Sponsored By Qipco) (Gr,14:25:00,Tamfana (GER),40.00,D Menuisier,Rossa Ryan,11
Ascot,Queen Elizabeth II Stakes (Sponsored By Qipco) (Gr,14:25:00,Dancing Gemini (IRE),55.00,R A Teal,K Shoemark,12
Ascot,Queen Elizabeth II Stakes (Sponsored By Qipco) (Gr,14:25:00,January (GB),60.00,A P O'Brien,W J Lee,13
Ascot,Queen Elizabeth II Stakes (Sponsored By Qipco) (Gr,14:25:00,Exactly (GB),85.00,A P O'Brien,Wayne Lordan,14
Ascot,Queen Elizabeth II Stakes (Sponsored By Qipco) (Gr,14:25:00,Quddwah (GB),110.00,S & E Crisford,S De Sousa,15
Ascot,Queen Elizabeth II Stakes (Sponsored By Qipco) (Gr,14:25:00,Cicero's Gift,120.00,C Hills,Jason Watson,16
Limerick,"Tote Guarantee, Never Beaten By SP Novice Hurdle (",14:30:00,Shadow Paddy (IRE),2.20,E McCarthy,Simon Torrens,1
Limerick,"Tote Guarantee, Never Beaten By SP Novice Hurdle (",14:30:00,Carrigg Island (IRE),2.20,E McCarthy,Darragh O'Keeffe,1
Limerick,"Tote Guarantee, Never Beaten By SP Novice Hurdle (",14:30:00,Ballykinlar (IRE),2.20,Donncha Duggan,Eoin Staples,1
Limerick,"Tote Guarantee, Never Beaten By SP Novice Hurdle (",14:30:00,Dramatic License (IRE),2.20,S R B Crawford,J J Slevin,1
Limerick,"Tote Guarantee, Never Beaten By SP Novice Hurdle (",14:30:00,Ephesus (IRE),2.20,D Hogan,Daniel King,1
Limerick,"Tote Guarantee, Never Beaten By SP Novice Hurdle (",14:30:00,Kilbuny Supersonic (IRE),2.20,Richard J O'Hara,Cian Quirke,1
Limerick,"Tote Guarantee, Never Beaten By SP Novice Hurdle (",14:30:00,Strong Contender,2.20,N Lee,Sam Ewing,1
Newton Abbot,Wollens Full Spectrum Law Handicap Hurdle,14:35:00,St Lukes Chelsea (GB),2.20,R Walford,Freddie Keighley,1
Newton Abbot,Wollens Full Spectrum Law Handicap Hurdle,14:35:00,Cornish Storm (GB),2.20,W S Kittow,R T Dunne,1
Newton Abbot,Wollens Full Spectrum Law Handicap Hurdle,14:35:00,Courageous Strike (GB),2.90,P F Nicholls,H Cobden,3
Newton Abbot,Wollens Full Spectrum Law Handicap Hurdle,14:35:00,Manuelito (GB),3.40,P Hobbs & J White,Ben Jones,4
Newton Abbot,Wollens Full Spectrum Law Handicap Hurdle,14:35:00,Dance And Glance (GB),5.80,A J Honeyball,J J Burke,5
Newton Abbot,Wollens Full Spectrum Law Handicap Hurdle,14:35:00,Tax For Max (GER),6.20,N & W Twiston-Davies,Sam Twiston-Davies,6
Newton Abbot,Wollens Full Spectrum Law Handicap Hurdle,14:35:00,Bluegrass (IRE),7.80,S Edmunds,Charlie Hammond,7
Newton Abbot,Wollens Full Spectrum Law Handicap Hurdle,14:35:00,American Land (IRE),10.50,J Tizzard,Brendan Powell,8
Stratford,Jaxon Daiquiri's First Year Handicap Hurdle,14:40:00,Sassified (IRE),3.15,James Owen,S Bowen,1
Stratford,Jaxon Daiquiri's First Year Handicap Hurdle,14:40:00,Baikal (GB),3.95,G Harris,Joe Anderson,2
Stratford,Jaxon Daiquiri's First Year Handicap Hurdle,14:40:00,Basilette (IRE),5.30,J W Mullins,Daniel Sansom,3
Stratford,Jaxon Daiquiri's First Year Handicap Hurdle,14:40:00,Northern Rose (IRE),6.00,G Hanmer,Jack Hogan,4
Stratford,Jaxon Daiquiri's First Year Handicap Hurdle,14:40:00,Cawthorne Banker (IRE),6.00,J & A O'Neill,Jonjo O'Neill Jr.,4
Stratford,Jaxon Daiquiri's First Year Handicap Hurdle,14:40:00,Dreamweaver (IRE),9.00,Dr R Newland & J Insole,Luke Scott,6
Stratford,Jaxon Daiquiri's First Year Handicap Hurdle,14:40:00,G'day Aussie,9.00,Dave Roberts,Lee Edwards,6
Stratford,Jaxon Daiquiri's First Year Handicap Hurdle,14:40:00,Fight For It (IRE),12.00,J G M O'Shea,Kielan Woods,8
Stratford,Jaxon Daiquiri's First Year Handicap Hurdle,14:40:00,Hardy Buck (IRE),12.00,A Gibbons,James Turner,8
Leopardstown,Irish Stallion Farms EBF Fillies Maiden,14:50:00,Push Harder (IRE),1.50,C Timmons,James Ryan,1
Leopardstown,Irish Stallion Farms EBF Fillies Maiden,14:50:00,Micaela De Lujan (GB),1.50,G P Cromwell,Robert Whearty,1
Leopardstown,Irish Stallion Farms EBF Fillies Maiden,14:50:00,Take A Bow (GB),1.50,A P O'Brien,J Cleary,1
Leopardstown,Irish Stallion Farms EBF Fillies Maiden,14:50:00,Keepsgettingbetter (IRE),1.50,Donnacha O'Brien,Gavin Ryan,1
Leopardstown,Irish Stallion Farms EBF Fillies Maiden,14:50:00,Divine Legend,1.50,J P Murtagh,Seamie Heffernan,1
Leopardstown,Irish Stallion Farms EBF Fillies Maiden,14:50:00,Trumph,1.50,Mrs J Harrington,Nathan Crosse,1
Leopardstown,Irish Stallion Farms EBF Fillies Maiden,14:50:00,Aquilla Star (IRE),1.50,J C McConnell,Donagh O'Connor,1
Leopardstown,Irish Stallion Farms EBF Fillies Maiden,14:50:00,Charm Of Venice,1.50,A Oliver,Jack Kearney,1
Leopardstown,Irish Stallion Farms EBF Fillies Maiden,14:50:00,Arizona Star (IRE),1.50,P McCreery,Leigh Roche,1
Leopardstown,Irish Stallion Farms EBF Fillies Maiden,14:50:00,Celestially,1.50,Donnacha O'Brien,P A Harnett,1
Leopardstown,Irish Stallion Farms EBF Fillies Maiden,14:50:00,Croi Gra,1.50,N Lupini,J M Sheridan,1
Leopardstown,Irish Stallion Farms EBF Fillies Maiden,14:50:00,Garden Party (GB),1.50,A P O'Brien,Liam Keniry,1
Leopardstown,Irish Stallion Farms EBF Fillies Maiden,14:50:00,Shamlia,1.50,J P Murtagh,N G McCullagh,1
Leopardstown,Irish Stallion Farms EBF Fillies Maiden,14:50:00,Minerva (IRE),1.54,A P O'Brien,Ronan Whelan,14
Limerick,Master Chefs Classic Handicap Hurdle,15:00:00,Farrokh (FR),2.50,B Connell,Sean Flanagan,1
Limerick,Master Chefs Classic Handicap Hurdle,15:00:00,Quint Major (IRE),2.50,M A Molloy,Liam McKenna,1
Limerick,Master Chefs Classic Handicap Hurdle,15:00:00,Pahlavi (IRE),2.50,J J Hanlon,Ben Harvey,1
Limerick,Master Chefs Classic Handicap Hurdle,15:00:00,Weston (GER),2.50,H Rogers,Darragh O'Keeffe,1
Limerick,Master Chefs Classic Handicap Hurdle,15:00:00,Synchronize (IRE),2.50,J Morrison,Shane Fitzgerald,1
Limerick,Master Chefs Classic Handicap Hurdle,15:00:00,Footstepstoglory (IRE),2.50,D H Kelly,Cian Quirke,1
Limerick,Master Chefs Classic Handicap Hurdle,15:00:00,St Denis's Well,2.50,Ian Donoghue,Sam Ewing,1
Limerick,Master Chefs Classic Handicap Hurdle,15:00:00,Lenjoleur De Palma (FR),2.50,E McNamara,Calum Hogan,1
Limerick,Master Chefs Classic Handicap Hurdle,15:00:00,Arthur's Victory,2.50,J Nash,G Brouder,1
Limerick,Master Chefs Classic Handicap Hurdle,15:00:00,Yosemite Gold (GB),2.50,E Doyle,Phillip Enright,1
Limerick,Master Chefs Classic Handicap Hurdle,15:00:00,Matt Connor (IRE),2.52,J P Dempsey,J C Gainford,11
Ascot,Qipco Champion Stakes (Group 1),15:05:00,Ombudsman (IRE),2.92,J & T Gosden,W Buick,1
Ascot,Qipco Champion Stakes (Group 1),15:05:00,Calandagan (IRE),3.95,F Graffard,M Barzalona,2
Ascot,Qipco Champion Stakes (Group 1),15:05:00,Delacroix (IRE),5.60,A P O'Brien,C Soumillon,3
Ascot,Qipco Champion Stakes (Group 1),15:05:00,Economics (GB),14.50,W J Haggas,Tom Marquand,4
Ascot,Qipco Champion Stakes (Group 1),15:05:00,Almeric (GB),17.00,A M Balding,Oisin Murphy,5
Ascot,Qipco Champion Stakes (Group 1),15:05:00,Almaqam (GB),24.00,E Walker,K Shoemark,6
Ascot,Qipco Champion Stakes (Group 1),15:05:00,Fox Legacy (GB),27.00,A M Balding,P J McDonald,7
Ascot,Qipco Champion Stakes (Group 1),15:05:00,First Look (FR),30.00,A Fabre,James Doyle,8
Ascot,Qipco Champion Stakes (Group 1),15:05:00,Devil's Advocate,130.00,J & T Gosden,R Havlin,9
Ascot,Qipco Champion Stakes (Group 1),15:05:00,Mount Kilimanjaro (FR),190.00,A P O'Brien,Wayne Lordan,10
Ascot,Qipco Champion Stakes (Group 1),15:05:00,Prague (IRE),200.00,Dylan Cunha,Benoit D L Sayette,11
Newton Abbot,Remembering Len & Pam Cartwright Handicap Hurdle,15:15:00,Stinginhisstep (GB),3.20,Mrs S Gardner,Sean Houlihan,1
Newton Abbot,Remembering Len & Pam Cartwright Handicap Hurdle,15:15:00,Despereaux (FR),3.20,Mrs J Williams,J J Burke,1
Newton Abbot,Remembering Len & Pam Cartwright Handicap Hurdle,15:15:00,Coconut Twist (IRE),4.00,Daisy Hitchins,Harry Reed,3
Newton Abbot,Remembering Len & Pam Cartwright Handicap Hurdle,15:15:00,Striking A Pose (IRE),5.10,J Tizzard,Brendan Powell,4
Newton Abbot,Remembering Len & Pam Cartwright Handicap Hurdle,15:15:00,Diplomatie (FR),5.10,Harry Derham,Miss Victoria Malzard,4
Newton Abbot,Remembering Len & Pam Cartwright Handicap Hurdle,15:15:00,Busy Being Busy (IRE),5.60,S Edmunds,Charlie Hammond,6
Newton Abbot,Remembering Len & Pam Cartwright Handicap Hurdle,15:15:00,Elusiveness (IRE),8.00,J Scott,Lorcan Williams,7
Newton Abbot,Remembering Len & Pam Cartwright Handicap Hurdle,15:15:00,El Capitaine (IRE),8.00,K Woollacott,H Cobden,7
Newton Abbot,Remembering Len & Pam Cartwright Handicap Hurdle,15:15:00,Al Sayah (GB),8.40,N P Mulholland,C O'Farrell,9
Newton Abbot,Remembering Len & Pam Cartwright Handicap Hurdle,15:15:00,Moorland Rambler (GB),10.00,Mrs J Williams,C Gethings,10
Leopardstown,Killavullan Stakes (Group 3),15:20:00,Mumhan (IRE),2.10,J S Bolger,Seamie Heffernan,1
Leopardstown,Killavullan Stakes (Group 3),15:20:00,Spangled Sands (IRE),2.10,J P O'Brien,Declan McDonogh,1
Leopardstown,Killavullan Stakes (Group 3),15:20:00,Daytona (IRE),2.10,A P O'Brien,Ronan Whelan,1
Leopardstown,Killavullan Stakes (Group 3),15:20:00,Dorset (IRE),2.10,A P O'Brien,J Cleary,1
Leopardstown,Killavullan Stakes (Group 3),15:20:00,Yaupon De Replay (USA),2.10,J P O'Brien,Chris Hayes,1
Stratford,Stephen John Thombs Memorial Handicap Chase,15:25:00,Yorgunnabeplucky (GB),2.34,Evan Williams,Adam Wedge,1
Stratford,Stephen John Thombs Memorial Handicap Chase,15:25:00,Tedwin Hills (IRE),2.44,W Greatrex,James Bowen,2
Stratford,Stephen John Thombs Memorial Handicap Chase,15:25:00,Invictus Allen (FR),4.50,Christian Williams,Jack Tudor,3
Stratford,Stephen John Thombs Memorial Handicap Chase,15:25:00,Annie Nail (IRE),5.80,Tracey Leeson,Tabitha Worsley,4
Stratford,Stephen John Thombs Memorial Handicap Chase,15:25:00,Bahtiyar (FR),10.00,M Young,Murray Dodd,5
Stratford,Stephen John Thombs Memorial Handicap Chase,15:25:00,Outback Frontiers (IRE),14.00,J G M O'Shea,James Turner,6
Stratford,Stephen John Thombs Memorial Handicap Chase,15:25:00,Jobesgreen Lad (GB),26.00,Mrs Tracey Barfoot-Saunt,Mr Harvey Barfoot-Saunt,7
Wolverhampton (AW),At The Races App Expert Tips Handicap,15:29:00,Super Saiyan (IRE),3.50,Billy Aprahamian,Joey Haynes,1
Wolverhampton (AW),At The Races App Expert Tips Handicap,15:29:00,Queue Dos (GB),3.50,J S Moore,William Cox,1
Wolverhampton (AW),At The Races App Expert Tips Handicap,15:29:00,Fair Wind (GB),3.50,Owen Burrows,Finley Marsh,1
Wolverhampton (AW),At The Races App Expert Tips Handicap,15:29:00,Coul Angel (IRE),3.50,M Appleby,Hollie Doyle,1
Wolverhampton (AW),At The Races App Expert Tips Handicap,15:29:00,Marty Hopkirk (IRE),3.50,D Loughnane,Laura Pearson,1
Wolverhampton (AW),At The Races App Expert Tips Handicap,15:29:00,Regal Envoy (IRE),3.50,W J Knight,L Morris,1
Wolverhampton (AW),At The Races App Expert Tips Handicap,15:29:00,Probe (GB),3.50,J Candlish,George Wood,1
Wolverhampton (AW),At The Races App Expert Tips Handicap,15:29:00,Brooklyn Nine Nine (IRE),3.50,R A Fahey,Cam Hardie,1
Wolverhampton (AW),At The Races App Expert Tips Handicap,15:29:00,Wicket Keeper (IRE),3.50,E Bethell,K Stott,1
Wolverhampton (AW),At The Races App Expert Tips Handicap,15:29:00,Atomic Force (IRE),3.50,E Bethell,P Cosgrave,1
Wolverhampton (AW),At The Races App Expert Tips Handicap,15:29:00,Papa Cocktail (IRE),3.50,M Herrington,Dylan Hogan,1
Wolverhampton (AW),At The Races App Expert Tips Handicap,15:29:00,Almarada Prince (IRE),3.50,I Furtado,Jordan Nason,1
Wolverhampton (AW),At The Races App Expert Tips Handicap,15:29:00,Miraculous (IRE),3.50,R Varian,J Mitchell,1
Limerick,Master Chefs Golden Vale Cup Handicap Hurdle (0-10,15:30:00,Gaelic Des Chastys (FR),1.03,E McNamara,Calum Hogan,1
Limerick,Master Chefs Golden Vale Cup Handicap Hurdle (0-10,15:30:00,Ballerina Boxer (IRE),1.03,William Harvey,Ben Harvey,1
Limerick,Master Chefs Golden Vale Cup Handicap Hurdle (0-10,15:30:00,The Holmeister (IRE),1.03,David Barry,John Shinnick,1
Limerick,Master Chefs Golden Vale Cup Handicap Hurdle (0-10,15:30:00,Wild Mandate (IRE),1.03,M M McNiff,Phillip Enright,1
Limerick,Master Chefs Golden Vale Cup Handicap Hurdle (0-10,15:30:00,He Might Be Lucky (IRE),1.03,L Young,Reserve 3,1
Limerick,Master Chefs Golden Vale Cup Handicap Hurdle (0-10,15:30:00,Blossom De Mai (FR),1.03,P J Rothwell,Tiernan Power Roche,1
Limerick,Master Chefs Golden Vale Cup Handicap Hurdle (0-10,15:30:00,Betty Dutton (IRE),1.03,A Slattery,Philip Donovan,1
Limerick,Master Chefs Golden Vale Cup Handicap Hurdle (0-10,15:30:00,Hay Baby (IRE),1.03,Peter Fahey,Sam Ewing,1
Limerick,Master Chefs Golden Vale Cup Handicap Hurdle (0-10,15:30:00,Scottish Dancer (IRE),1.03,E Doyle,Paddy Cody,1
Limerick,Master Chefs Golden Vale Cup Handicap Hurdle (0-10,15:30:00,The Sugarhill Lady (IRE),1.03,E McNamara,Michael Kenneally,1
Limerick,Master Chefs Golden Vale Cup Handicap Hurdle (0-10,15:30:00,Inchidaly Copper (IRE),1.03,A Ott,Mr A Burke-Ott,1
Limerick,Master Chefs Golden Vale Cup Handicap Hurdle (0-10,15:30:00,Lummi Island (IRE),1.03,D Deacon,Philip Byrnes,1
Limerick,Master Chefs Golden Vale Cup Handicap Hurdle (0-10,15:30:00,Moulane West (IRE),1.03,M M McNiff,Reserve 2,1
Limerick,Master Chefs Golden Vale Cup Handicap Hurdle (0-10,15:30:00,Hurricane Honey (IRE),1.03,A Murray,Kieren Buckley,1
Limerick,Master Chefs Golden Vale Cup Handicap Hurdle (0-10,15:30:00,Tennesse Boy (IRE),1.03,R Tyner,Reserve 1,1
Limerick,Master Chefs Golden Vale Cup Handicap Hurdle (0-10,15:30:00,Whitewinewednesday (IRE),1.03,M A Daly,Darragh O'Keeffe,1
Limerick,Master Chefs Golden Vale Cup Handicap Hurdle (0-10,15:30:00,Rhythmic Tune,1.03,M A Molloy,Daniel King,1
Limerick,Master Chefs Golden Vale Cup Handicap Hurdle (0-10,15:30:00,Younowhatimean (IRE),1.03,E McCarthy,T E O'Connor,1
Limerick,Master Chefs Golden Vale Cup Handicap Hurdle (0-10,15:30:00,Mr Erwitt (IRE),1.03,V T O'Brien,Simon Torrens,1
Limerick,Master Chefs Golden Vale Cup Handicap Hurdle (0-10,15:30:00,Annalough (IRE),1.03,M M McNiff,Alan King,1
Limerick,Master Chefs Golden Vale Cup Handicap Hurdle (0-10,15:30:00,Kilkee Bay (IRE),1.04,E McNamara,Eoin Staples,21
Ascot,Balmoral Handicap (Sponsored By Qipco) (Str),15:40:00,Native Warrior (GB),7.00,K R Burke,James Doyle,1
Ascot,Balmoral Handicap (Sponsored By Qipco) (Str),15:40:00,Shout (IRE),7.20,S & E Crisford,Oisin Murphy,2
Ascot,Balmoral Handicap (Sponsored By Qipco) (Str),15:40:00,Crown Of Oaks (GB),7.40,W J Haggas,Tom Marquand,3
Ascot,Balmoral Handicap (Sponsored By Qipco) (Str),15:40:00,Cerulean Bay (IRE),15.50,D O'Meara,D Tudhope,4
Ascot,Balmoral Handicap (Sponsored By Qipco) (Str),15:40:00,Fifth Column (USA),17.00,J & T Gosden,W Buick,5
Ascot,Balmoral Handicap (Sponsored By Qipco) (Str),15:40:00,Holloway Boy (GB),18.00,K R Burke,C Lee,6
Ascot,Balmoral Handicap (Sponsored By Qipco) (Str),15:40:00,Arisaig (GB),18.50,C Johnston,J P Spencer,7
Ascot,Balmoral Handicap (Sponsored By Qipco) (Str),15:40:00,Greek Order (GB),20.00,M L W Bell,Jack Callan,8
Ascot,Balmoral Handicap (Sponsored By Qipco) (Str),15:40:00,Ebt's Guard,20.00,W Muir & C Grassick,Lewis Edmunds,8
Ascot,Balmoral Handicap (Sponsored By Qipco) (Str),15:40:00,Great Acclaim (GB),23.00,Eve Johnson Houghton,Charles Bishop,10
Ascot,Balmoral Handicap (Sponsored By Qipco) (Str),15:40:00,Oliver Show (IRE),26.00,G Boughey,Billy Loughnane,11
Ascot,Balmoral Handicap (Sponsored By Qipco) (Str),15:40:00,Bopedro (FR),29.00,D O'Meara,Mark Winn,12
Ascot,Balmoral Handicap (Sponsored By Qipco) (Str),15:40:00,Godwinson (GB),29.00,W J Haggas,Cieren Fallon,12
Ascot,Balmoral Handicap (Sponsored By Qipco) (Str),15:40:00,Orandi (FR),30.00,A J Martin,D Egan,14
Ascot,Balmoral Handicap (Sponsored By Qipco) (Str),15:40:00,Tribal Chief (FR),32.00,D Menuisier,S M Levey,15
Ascot,Balmoral Handicap (Sponsored By Qipco) (Str),15:40:00,Witch Hunter (FR),38.00,R Hannon,Joe Leavy,16
Ascot,Balmoral Handicap (Sponsored By Qipco) (Str),15:40:00,Bobby Bennu (IRE),38.00,R Varian,Ray Dawson,16
Ascot,Balmoral Handicap (Sponsored By Qipco) (Str),15:40:00,Hafeet Alain (IRE),50.00,E Walker,Ashley Lewis,18
Ascot,Balmoral Handicap (Sponsored By Qipco) (Str),15:40:00,Theoryofeverything (GB),50.00,D O'Meara,Jason Watson,18
Ascot,Balmoral Handicap (Sponsored By Qipco) (Str),15:40:00,Golden Mind (IRE),100.00,R A Fahey,Warren Fentiman,20
Leopardstown,Irish Stallion Farms EBF (C & G) Maiden,15:50:00,Now Maybe (IRE),1.10,Mrs J Harrington,Scott McCullagh,1
Leopardstown,Irish Stallion Farms EBF (C & G) Maiden,15:50:00,Dawson Street (IRE),1.10,Charles Weld,N G McCullagh,1
Leopardstown,Irish Stallion Farms EBF (C & G) Maiden,15:50:00,Circle Of Life (IRE),1.10,A P O'Brien,Ronan Whelan,1
Leopardstown,Irish Stallion Farms EBF (C & G) Maiden,15:50:00,Never Ever (IRE),1.10,J P O'Brien,Declan McDonogh,1
Leopardstown,Irish Stallion Farms EBF (C & G) Maiden,15:50:00,Unauthorized (GB),1.10,Aidan Melia,Rory Cleary,1
Leopardstown,Irish Stallion Farms EBF (C & G) Maiden,15:50:00,Venturing (IRE),1.10,Donnacha O'Brien,P A Harnett,1
Leopardstown,Irish Stallion Farms EBF (C & G) Maiden,15:50:00,Elm Creek (IRE),1.10,Donnacha O'Brien,Gavin Ryan,1
Leopardstown,Irish Stallion Farms EBF (C & G) Maiden,15:50:00,Zenford,1.10,J P Murtagh,Seamie Heffernan,1
Leopardstown,Irish Stallion Farms EBF (C & G) Maiden,15:50:00,Karrygrant,1.10,J P Murtagh,Ross Coakley,1
Leopardstown,Irish Stallion Farms EBF (C & G) Maiden,15:50:00,Druids Glen,2.10,A P O'Brien,J Cleary,10
Newton Abbot,Paul Ferguson's Jumpers To Follow Intermediate Cha,15:55:00,Blueking D'oroux,1.46,P F Nicholls,H Cobden,1
Newton Abbot,Paul Ferguson's Jumpers To Follow Intermediate Cha,15:55:00,Lookaway (IRE),5.70,N B King,J M Quinlan,2
Newton Abbot,Paul Ferguson's Jumpers To Follow Intermediate Cha,15:55:00,Riskintheground (IRE),6.80,D Skelton,Tristan Durrell,3
Newton Abbot,Paul Ferguson's Jumpers To Follow Intermediate Cha,15:55:00,Theformismighty (GB),16.00,D Skelton,C J Todd,4
Newton Abbot,Paul Ferguson's Jumpers To Follow Intermediate Cha,15:55:00,Gyenyame (GB),19.00,J Tizzard,Brendan Powell,5
Wolverhampton (AW),Arc All-Weather 1MILLION Bonus Returns Handicap,15:59:00,Nordic Glory (IRE),1.10,M J Attwater,Ryan Kavanagh,1
Wolverhampton (AW),Arc All-Weather 1MILLION Bonus Returns Handicap,15:59:00,How's The Guvnor,1.10,J Candlish,George Wood,1
Wolverhampton (AW),Arc All-Weather 1MILLION Bonus Returns Handicap,15:59:00,Amerjeet (GB),1.10,I W McInnes,L Morris,1
Wolverhampton (AW),Arc All-Weather 1MILLION Bonus Returns Handicap,15:59:00,Massimo Blue (GB),1.10,George Baker,J Mitchell,1
Wolverhampton (AW),Arc All-Weather 1MILLION Bonus Returns Handicap,15:59:00,Juniper's Dream,1.10,P D Evans,P Cosgrave,1
Wolverhampton (AW),Arc All-Weather 1MILLION Bonus Returns Handicap,15:59:00,Watermelon Sugar (IRE),1.10,C Banham,Joey Haynes,1
Wolverhampton (AW),Arc All-Weather 1MILLION Bonus Returns Handicap,15:59:00,Initial Blue (IRE),1.10,R Hannon,Alec Voikhansky,1
Wolverhampton (AW),Arc All-Weather 1MILLION Bonus Returns Handicap,15:59:00,Dolly's Delight,1.10,I Furtado,J Fanning,1
Wolverhampton (AW),Arc All-Weather 1MILLION Bonus Returns Handicap,15:59:00,Ten Club (IRE),1.10,A Wintle,Finley Marsh,1
Wolverhampton (AW),Arc All-Weather 1MILLION Bonus Returns Handicap,15:59:00,Saffredi (GB),1.10,G Harris,William Carson,1
Wolverhampton (AW),Arc All-Weather 1MILLION Bonus Returns Handicap,15:59:00,Secret Road (IRE),1.10,L Williamson,Alfie Redman,1
Wolverhampton (AW),Arc All-Weather 1MILLION Bonus Returns Handicap,15:59:00,Bella Love (IRE),2.54,I Furtado,Jordan Nason,12
Wolverhampton (AW),Arc All-Weather 1MILLION Bonus Returns Handicap,15:59:00,Sam's Hope,6.20,Martin Dunne,Hollie Doyle,13
Limerick,Irish Stallion Farms EBF Mares (Pro/Am) Flat Race,16:00:00,Voladora Nora (IRE),1.03,J A Kinsella,Mr J C Barry,1
Limerick,Irish Stallion Farms EBF Mares (Pro/Am) Flat Race,16:00:00,Alaskan View (IRE),1.03,W J Martin,Mr Jamie Martin,1
Limerick,Irish Stallion Farms EBF Mares (Pro/Am) Flat Race,16:00:00,Lily Marlene,1.03,Paul Tobin,W Verling,1
Limerick,Irish Stallion Farms EBF Mares (Pro/Am) Flat Race,16:00:00,Samba Train (IRE),1.03,E Bolger,Miss A B O'Connor,1
Limerick,Irish Stallion Farms EBF Mares (Pro/Am) Flat Race,16:00:00,Ill Raise A Glass (IRE),1.03,M P Fitzgerald,Miss L Costello,1
Limerick,Irish Stallion Farms EBF Mares (Pro/Am) Flat Race,16:00:00,Amina (GER),1.03,J C McConnell,Mr J L Gleeson,1
Limerick,Irish Stallion Farms EBF Mares (Pro/Am) Flat Race,16:00:00,Tumbling In (IRE),3.10,E McNamara,Mr H C Swan,7
Leopardstown,Irish Stallion Farms EBF Nursery Handicap,16:20:00,Carwyn (IRE),1.10,G M Lyons,James Ryan,1
Leopardstown,Irish Stallion Farms EBF Nursery Handicap,16:20:00,Time Bender (IRE),1.10,W Durkan,Wesley Joyce,1
Leopardstown,Irish Stallion Farms EBF Nursery Handicap,16:20:00,Empty Wallet (IRE),1.10,G M Lyons,Nicola Burns,1
Leopardstown,Irish Stallion Farms EBF Nursery Handicap,16:20:00,Iamimmaculate (IRE),1.10,Gerard O'Leary,J M Sheridan,1
Leopardstown,Irish Stallion Farms EBF Nursery Handicap,16:20:00,Hamiyan (FR),1.10,D K Weld,Chris Hayes,1
Leopardstown,Irish Stallion Farms EBF Nursery Handicap,16:20:00,Bellamano (IRE),1.10,J P Murtagh,Yudish Geerdharry,1
Leopardstown,Irish Stallion Farms EBF Nursery Handicap,16:20:00,Nod Of Approval (IRE),1.10,Mrs J Harrington,Nathan Crosse,1
Leopardstown,Irish Stallion Farms EBF Nursery Handicap,16:20:00,Invincible Will (IRE),1.10,G P Cromwell,Robert Whearty,1
Leopardstown,Irish Stallion Farms EBF Nursery Handicap,16:20:00,Cherry Hill Girl (IRE),1.10,A Slattery,Andrew Slattery,1
Leopardstown,Irish Stallion Farms EBF Nursery Handicap,16:20:00,Clarity Of Thought (GB),1.10,J P O'Brien,Wayne Hassett,1
Leopardstown,Irish Stallion Farms EBF Nursery Handicap,16:20:00,Estoublon (IRE),1.10,J P O'Brien,Declan McDonogh,1
Leopardstown,Irish Stallion Farms EBF Nursery Handicap,16:20:00,River Ara (IRE),2.60,A P O'Brien,J Cleary,12
Newton Abbot,Torbay Weekly Handicap Chase (GBB Race),16:25:00,Jaitroplaclasse (FR),1.10,R L Llewellyn,Charlie Price,1
Newton Abbot,Torbay Weekly Handicap Chase (GBB Race),16:25:00,Siam Park (IRE),1.10,J Tizzard,Brendan Powell,1
Newton Abbot,Torbay Weekly Handicap Chase (GBB Race),16:25:00,Authoceltic (FR),1.10,Mrs J Williams,C Gethings,1
Newton Abbot,Torbay Weekly Handicap Chase (GBB Race),16:25:00,Haas Boy (FR),1.10,Chester Williams,H Cobden,1
Newton Abbot,Torbay Weekly Handicap Chase (GBB Race),16:25:00,Nordic Tiger (FR),8.80,Harry Derham,Paul O'Brien,5
Wolverhampton (AW),Download The Raceday Ready App Selling Stakes,16:30:00,Big Sip (GB),1.10,M Botti,Marco Ghiani,1
Wolverhampton (AW),Download The Raceday Ready App Selling Stakes,16:30:00,Dosman (GB),1.10,J A Osborne,William Carver,1
Wolverhampton (AW),Download The Raceday Ready App Selling Stakes,16:30:00,Bystander (IRE),1.10,S C Williams,P Cosgrave,1
Wolverhampton (AW),Download The Raceday Ready App Selling Stakes,16:30:00,Ocean Odyssey (IRE),1.11,James Owen,Paddy Bradley,4
Wolverhampton (AW),Download The Raceday Ready App Selling Stakes,16:30:00,Encourager (IRE),13.00,A W Carroll,William Carson,5
Newton Abbot,Jodie Standing's Point-To-Point Recruits Open NH F,16:55:00,Hobbson's Day,1.10,T Lacey,Stan Sheppard,1
Newton Abbot,Jodie Standing's Point-To-Point Recruits Open NH F,16:55:00,Soldier Reeves,1.10,D Skelton,Tristan Durrell,1
Newton Abbot,Jodie Standing's Point-To-Point Recruits Open NH F,16:55:00,Peaky Girl (GB),1.10,A E Jones,Philip Armson,1
Newton Abbot,Jodie Standing's Point-To-Point Recruits Open NH F,16:55:00,Not Now,1.10,N & W Twiston-Davies,Sam Twiston-Davies,1
Newton Abbot,Jodie Standing's Point-To-Point Recruits Open NH F,16:55:00,Great Dance,2.00,Chester Williams,H Cobden,5
Wolverhampton (AW),Sky Sports Racing Sky 415 Handicap (Div 1),17:00:00,Imperial Trooper (IRE),1.10,J Candlish,George Wood,1
Wolverhampton (AW),Sky Sports Racing Sky 415 Handicap (Div 1),17:00:00,Alpine Oasis (GB),1.10,K R Burke,Jack Nicholls,1
Wolverhampton (AW),Sky Sports Racing Sky 415 Handicap (Div 1),17:00:00,Lazieelunch (GB),1.10,S Woods,Finley Marsh,1
Wolverhampton (AW),Sky Sports Racing Sky 415 Handicap (Div 1),17:00:00,Bobacious (GB),1.10,E A L Dunlop,Mason Paetel,1
Wolverhampton (AW),Sky Sports Racing Sky 415 Handicap (Div 1),17:00:00,Fihrayn (IRE),1.10,J R Boyle,Paddy Bradley,1
Wolverhampton (AW),Sky Sports Racing Sky 415 Handicap (Div 1),17:00:00,American State (IRE),1.10,P Owens,J Mitchell,1
Wolverhampton (AW),Sky Sports Racing Sky 415 Handicap (Div 1),17:00:00,Condotti (IRE),1.10,H Palmer,Marco Ghiani,1
Wolverhampton (AW),Sky Sports Racing Sky 415 Handicap (Div 1),17:00:00,Arth's Gold,1.10,R Hannon,Alec Voikhansky,1
Wolverhampton (AW),Sky Sports Racing Sky 415 Handicap (Div 1),17:00:00,Stipulation (IRE),1.10,D M Loughnane,Hollie Doyle,1
Wolverhampton (AW),Sky Sports Racing Sky 415 Handicap (Div 1),17:00:00,King's Hand,2.72,Sir Mark Prescott,L Morris,10
Wolverhampton (AW),Sky Sports Racing Sky 415 Handicap (Div 2),17:30:00,Flaine (IRE),1.01,D Loughnane,Connor Planas,1
Wolverhampton (AW),Sky Sports Racing Sky 415 Handicap (Div 2),17:30:00,Liberty Bird (GB),1.01,C Johnston,J Fanning,1
Wolverhampton (AW),Sky Sports Racing Sky 415 Handicap (Div 2),17:30:00,Camzara (IRE),1.01,G Boughey,P Cosgrave,1
Wolverhampton (AW),Sky Sports Racing Sky 415 Handicap (Div 2),17:30:00,Coolree (IRE),1.02,Lemos Souza,L Morris,4
Wolverhampton (AW),Sky Sports Racing Sky 415 Handicap (Div 2),17:30:00,Bint Al Daar (GB),1.10,K Frost,J Mitchell,5
Wolverhampton (AW),Sky Sports Racing Sky 415 Handicap (Div 2),17:30:00,Popeye Doyle (FR),1.13,H Palmer,Hollie Doyle,6
Wolverhampton (AW),Sky Sports Racing Sky 415 Handicap (Div 2),17:30:00,Flightofthephoenix (IRE),4.60,C Hills,Ben Sanderson,7
Wolverhampton (AW),Sky Sports Racing Sky 415 Handicap (Div 2),17:30:00,Risen Again (FR),5.80,Alice Haynes,William Carson,8
Wolverhampton (AW),Sky Sports Racing Sky 415 Handicap (Div 2),17:30:00,Shady Bay (IRE),8.60,T Ward,Alec Voikhansky,9
Wolverhampton (AW),Genting Casino Wolverhampton Handicap,18:00:00,Dancing Bay (IRE),1.10,J Candlish,George Wood,1
Wolverhampton (AW),Genting Casino Wolverhampton Handicap,18:00:00,Courageous Gold (IRE),1.10,D M Simcock,Dylan Hogan,1
Wolverhampton (AW),Genting Casino Wolverhampton Handicap,18:00:00,Star Of Jupiter (IRE),1.10,D M Loughnane,Hollie Doyle,1
Wolverhampton (AW),Genting Casino Wolverhampton Handicap,18:00:00,Sneaky Blinder (FR),1.10,R Stephens,L Morris,1
Wolverhampton (AW),Genting Casino Wolverhampton Handicap,18:00:00,Fashionelle (IRE),1.10,A Forbes,William Cox,1
Wolverhampton (AW),Genting Casino Wolverhampton Handicap,18:00:00,Bedford (GB),1.10,A King,Harrison Shaw,1
Wolverhampton (AW),Genting Casino Wolverhampton Handicap,18:00:00,Forglen (GB),1.10,W Stone,J Mitchell,1
Wolverhampton (AW),Genting Casino Wolverhampton Handicap,18:00:00,Witch Hazel (GB),1.11,J R Boyle,P Cosgrave,8
Wolverhampton (AW),Genting Casino Wolverhampton Handicap,18:00:00,T Or Coffey (IRE),3.00,J Candlish,Joey Haynes,9
Wolverhampton (AW),Tips For Every Race At raceday-ready.com Handicap,18:30:00,Invincible Crown (IRE),1.10,Mrs R Carr,J P Sullivan,1
Wolverhampton (AW),Tips For Every Race At raceday-ready.com Handicap,18:30:00,Lucky Man (IRE),1.10,J Candlish,George Wood,1
Wolverhampton (AW),Tips For Every Race At raceday-ready.com Handicap,18:30:00,Woodhay Whisper (IRE),1.10,Jack Jones,Dylan Hogan,1
Wolverhampton (AW),Tips For Every Race At raceday-ready.com Handicap,18:30:00,Silky Robin (IRE),1.10,Brian Toomey,Millie Wonnacott,1
Wolverhampton (AW),Tips For Every Race At raceday-ready.com Handicap,18:30:00,Maris Angel (GB),1.10,Fionn McSharry,C J Orr,1
Wolverhampton (AW),Tips For Every Race At raceday-ready.com Handicap,18:30:00,Good Point (GB),1.10,B Smart,Harrison Shaw,1
Wolverhampton (AW),Tips For Every Race At raceday-ready.com Handicap,18:30:00,Level Up (IRE),1.10,P D Evans,Phoebe Edwards,1
Wolverhampton (AW),Arc 1MILLION Bonus Bigger Than Ever Handicap,19:00:00,Moostar (GB),1.10,James Owen,P Cosgrave,1
Wolverhampton (AW),Arc 1MILLION Bonus Bigger Than Ever Handicap,19:00:00,Summertime Blues (GB),1.10,A Watson,Hollie Doyle,1
Wolverhampton (AW),Arc 1MILLION Bonus Bigger Than Ever Handicap,19:00:00,Star Of Mali (IRE),1.10,J Tate,L Morris,1
Wolverhampton (AW),Arc 1MILLION Bonus Bigger Than Ever Handicap,19:00:00,Me Tarzan (IRE),1.10,J R Fanshawe,George Wood,1
Wolverhampton (AW),Arc 1MILLION Bonus Bigger Than Ever Handicap,19:00:00,Looks Fantastic (GB),1.10,M Appleby,Mason Paetel,1
Wolverhampton (AW),Arc 1MILLION Bonus Bigger Than Ever Handicap,19:00:00,Simply Blue (GB),1.10,D Loughnane,J Mitchell,1
Wolverhampton (AW),Arc 1MILLION Bonus Bigger Than Ever Handicap,19:00:00,Fulford Cross (GB),1.10,D M Simcock,Taryn Langley,1
Wolverhampton (AW),Arc 1MILLION Bonus Bigger Than Ever Handicap,19:00:00,Maldevious (IRE),1.10,H Palmer,Marco Ghiani,1
Wolverhampton (AW),Arc 1MILLION Bonus Bigger Than Ever Handicap,19:00:00,Highfield Sunshine (IRE),1.10,J & S Quinn,Sam Feilden,1
Wolverhampton (AW),Arc 1MILLION Bonus Bigger Than Ever Handicap,19:00:00,Duca Di Lucca (GB),1.10,S Woods,Finley Marsh,1
Wolverhampton (AW),Arc 1MILLION Bonus Bigger Than Ever Handicap,19:00:00,Wadacre Maestro (GB),1.10,C Johnston,J Fanning,1
Wolverhampton (AW),Get Raceday Ready Handicap,19:30:00,Scarlet Sunset (GB),1.10,I Mohammed,Mason Paetel,1
Wolverhampton (AW),Get Raceday Ready Handicap,19:30:00,Little Saver (IRE),1.10,H Palmer,L Morris,1
Wolverhampton (AW),Get Raceday Ready Handicap,19:30:00,Desert Emperor (GB),1.10,M & D Easterby,Ryan Sexton,1
Wolverhampton (AW),Get Raceday Ready Handicap,19:30:00,Raintown (IRE),1.10,J S Moore,Taylor Fisher,1
Wolverhampton (AW),Get Raceday Ready Handicap,19:30:00,Is I Right (IRE),1.10,James Horton,Hollie Doyle,1
Wolverhampton (AW),Get Raceday Ready Handicap,19:30:00,Telepathic (IRE),1.10,S & E Crisford,Harry Burns,1
Wolverhampton (AW),Get Raceday Ready Handicap,19:30:00,Cayman Dancer (GB),1.10,C Johnston,J Fanning,1
Wolverhampton (AW),Get Raceday Ready Handicap,19:30:00,Twilight Safari (GB),1.10,Harry Eustace,George Wood,1
Wolverhampton (AW),Get Raceday Ready Handicap,19:30:00,Bintalina (GB),1.10,R Varian,J Mitchell,1
Wolverhampton (AW),Get Raceday Ready Handicap,19:30:00,Eupator (FR),6.00,R Hannon,Alec Voikhansky,10
