course_name,race_name,off_time,horse_name,win_ppwap,rank
Catterick,Go Racing In Yorkshire Future Stars Apprentice Handicap,09:30:00,Bollin Neil (GB),3,1
Catterick,Go Racing In Yorkshire Future Stars Apprentice Handicap,09:30:00,NO NAME,3,1
Catterick,Go Racing In Yorkshire Future Stars Apprentice Handicap,09:30:00,Kokinelli (FR),3.15,3
Catterick,Go Racing In Yorkshire Future Stars Apprentice Handicap,09:30:00,NO NAME,3.15,3
Catterick,Go Racing In Yorkshire Future Stars Apprentice Handicap,09:30:00,NO NAME,4.5,5
Catterick,Go Racing In Yorkshire Future Stars Apprentice Handicap,09:30:00,Trapper John (GB),4.5,5
Catterick,Go Racing In Yorkshire Future Stars Apprentice Handicap,09:30:00,NO NAME,5.3,7
Catterick,Go Racing In Yorkshire Future Stars Apprentice Handicap,09:30:00,Kitsune Power (IRE),5.3,7
Catterick,Go Racing In Yorkshire Future Stars Apprentice Handicap,09:30:00,NO NAME,6,9
Catterick,Go Racing In Yorkshire Future Stars Apprentice Handicap,09:30:00,Arctic Fox (GB),6,9
Catterick,Go Racing In Yorkshire Future Stars Apprentice Handicap,09:30:00,Wasthatok (GB),7,11
Catterick,Go Racing In Yorkshire Future Stars Apprentice Handicap,09:30:00,NO NAME,7,11
Catterick,EBF 'Confined' Restricted Maiden Stakes (GBB Race),10:00:00,Sierra Sands (IRE),2.28,1
Catterick,EBF 'Confined' Restricted Maiden Stakes (GBB Race),10:00:00,NO NAME,2.28,1
Catterick,EBF 'Confined' Restricted Maiden Stakes (GBB Race),10:00:00,Mystical Eye (GB),3.75,3
Catterick,EBF 'Confined' Restricted Maiden Stakes (GBB Race),10:00:00,NO NAME,3.75,3
Catterick,EBF 'Confined' Restricted Maiden Stakes (GBB Race),10:00:00,NO NAME,5.5,5
Catterick,EBF 'Confined' Restricted Maiden Stakes (GBB Race),10:00:00,Eagle Bay (IRE),5.5,5
Catterick,EBF 'Confined' Restricted Maiden Stakes (GBB Race),10:00:00,Galileo Blue,5.6,7
Catterick,EBF 'Confined' Restricted Maiden Stakes (GBB Race),10:00:00,Galileo Blue,5.6,7
Catterick,EBF 'Confined' Restricted Maiden Stakes (GBB Race),10:00:00,Uncle Nader,9,9
Catterick,EBF 'Confined' Restricted Maiden Stakes (GBB Race),10:00:00,Uncle Nader,9,9
Catterick,EBF 'Confined' Restricted Maiden Stakes (GBB Race),10:00:00,Wagyu Star,9,9
Catterick,EBF 'Confined' Restricted Maiden Stakes (GBB Race),10:00:00,Wagyu Star,9,9
Catterick,EBF 'Confined' Restricted Maiden Stakes (GBB Race),10:00:00,NO NAME,10,13
Catterick,EBF 'Confined' Restricted Maiden Stakes (GBB Race),10:00:00,Deep Sleep (GB),10,13
Catterick,EBF 'Confined' Restricted Maiden Stakes (GBB Race),10:00:00,This Rib (GB),11,15
Catterick,EBF 'Confined' Restricted Maiden Stakes (GBB Race),10:00:00,NO NAME,11,15
Catterick,EBF 'Confined' Restricted Maiden Stakes (GBB Race),10:00:00,West Sleekburn Lad,12,17
Catterick,EBF 'Confined' Restricted Maiden Stakes (GBB Race),10:00:00,West Sleekburn Lad,12,17
Catterick,EBF 'Confined' Restricted Maiden Stakes (GBB Race),10:00:00,Lilykoy (GB),14,19
Catterick,EBF 'Confined' Restricted Maiden Stakes (GBB Race),10:00:00,NO NAME,14,19
Catterick,Every Race Live On Racing TV Novice Stakes (GBB Race),10:28:00,NO NAME,2.3,1
Catterick,Every Race Live On Racing TV Novice Stakes (GBB Race),10:28:00,He's Our Cracker,2.3,1
Catterick,Every Race Live On Racing TV Novice Stakes (GBB Race),10:28:00,Secret Sonata (GB),2.3,1
Catterick,Every Race Live On Racing TV Novice Stakes (GBB Race),10:28:00,Pension Pot (GB),2.3,1
Catterick,Every Race Live On Racing TV Novice Stakes (GBB Race),10:28:00,He's Our Cracker,2.3,1
Catterick,Every Race Live On Racing TV Novice Stakes (GBB Race),10:28:00,NO NAME,2.3,1
Catterick,Every Race Live On Racing TV Novice Stakes (GBB Race),10:28:00,Nanyuki (IRE),2.3,1
Catterick,Every Race Live On Racing TV Novice Stakes (GBB Race),10:28:00,NO NAME,2.3,1
Catterick,Every Race Live On Racing TV Novice Stakes (GBB Race),10:28:00,NO NAME,2.3,1
Catterick,Every Race Live On Racing TV Novice Stakes (GBB Race),10:28:00,Proud To Be Fox (GB),2.3,1
Catterick,Every Race Live On Racing TV Novice Stakes (GBB Race),10:28:00,Approaching Dawn (GB),2.3,1
Catterick,Every Race Live On Racing TV Novice Stakes (GBB Race),10:28:00,Savannah Grey (IRE),2.3,1
Catterick,Every Race Live On Racing TV Novice Stakes (GBB Race),10:28:00,NO NAME,2.3,1
Catterick,Every Race Live On Racing TV Novice Stakes (GBB Race),10:28:00,NO NAME,2.3,1
Catterick,Every Race Live On Racing TV Novice Stakes (GBB Race),10:28:00,NO NAME,23,15
Catterick,Every Race Live On Racing TV Novice Stakes (GBB Race),10:28:00,Harry Mole (GB),23,15
Catterick,Every Race Live On Racing TV Novice Stakes (GBB Race),10:28:00,Benjamin Brodie (GB),42,17
Catterick,Every Race Live On Racing TV Novice Stakes (GBB Race),10:28:00,NO NAME,42,17
Catterick,Download The Raceday Ready App Handicap (GBBPlus Race),10:56:00,NO NAME,2.7,1
Catterick,Download The Raceday Ready App Handicap (GBBPlus Race),10:56:00,Elsie's Ruan,2.7,1
Catterick,Download The Raceday Ready App Handicap (GBBPlus Race),10:56:00,Yellow Card (GB),2.7,1
Catterick,Download The Raceday Ready App Handicap (GBBPlus Race),10:56:00,Playtime (GB),2.7,1
Catterick,Download The Raceday Ready App Handicap (GBBPlus Race),10:56:00,Natzor (FR),2.7,1
Catterick,Download The Raceday Ready App Handicap (GBBPlus Race),10:56:00,Spanish Hustle (GB),2.7,1
Catterick,Download The Raceday Ready App Handicap (GBBPlus Race),10:56:00,Made All (GB),2.7,1
Catterick,Download The Raceday Ready App Handicap (GBBPlus Race),10:56:00,Aajej (GB),2.7,1
Catterick,Download The Raceday Ready App Handicap (GBBPlus Race),10:56:00,Fouroneohfever (IRE),2.7,1
Catterick,Download The Raceday Ready App Handicap (GBBPlus Race),10:56:00,Ghaiyya (GB),2.7,1
Catterick,Download The Raceday Ready App Handicap (GBBPlus Race),10:56:00,Mafting (GB),2.7,1
Catterick,Download The Raceday Ready App Handicap (GBBPlus Race),10:56:00,NO NAME,2.7,1
Catterick,Download The Raceday Ready App Handicap (GBBPlus Race),10:56:00,NO NAME,2.7,1
Catterick,Download The Raceday Ready App Handicap (GBBPlus Race),10:56:00,NO NAME,2.7,1
Catterick,Download The Raceday Ready App Handicap (GBBPlus Race),10:56:00,NO NAME,2.7,1
Catterick,Download The Raceday Ready App Handicap (GBBPlus Race),10:56:00,NO NAME,2.7,1
Catterick,Download The Raceday Ready App Handicap (GBBPlus Race),10:56:00,NO NAME,2.7,1
Catterick,Download The Raceday Ready App Handicap (GBBPlus Race),10:56:00,NO NAME,2.7,1
Catterick,Download The Raceday Ready App Handicap (GBBPlus Race),10:56:00,NO NAME,2.7,1
Catterick,Download The Raceday Ready App Handicap (GBBPlus Race),10:56:00,NO NAME,2.7,1
Catterick,Download The Raceday Ready App Handicap (GBBPlus Race),10:56:00,Elsie's Ruan,2.7,1
Catterick,Download The Raceday Ready App Handicap (GBBPlus Race),10:56:00,Arkinthestars (GB),2.7,1
Catterick,Download The Raceday Ready App Handicap (GBBPlus Race),10:56:00,Thosewerethedays (IRE),3,23
Catterick,Download The Raceday Ready App Handicap (GBBPlus Race),10:56:00,NO NAME,3,23
Catterick,William Hill Football Final One Standing Handicap (Div 1),11:23:00,In A Hurry (GB),2.7,1
Catterick,William Hill Football Final One Standing Handicap (Div 1),11:23:00,Chuti Manika (IRE),2.7,1
Catterick,William Hill Football Final One Standing Handicap (Div 1),11:23:00,NO NAME,2.7,1
Catterick,William Hill Football Final One Standing Handicap (Div 1),11:23:00,Wreck It Ryley (IRE),2.7,1
Catterick,William Hill Football Final One Standing Handicap (Div 1),11:23:00,NO NAME,2.7,1
Catterick,William Hill Football Final One Standing Handicap (Div 1),11:23:00,Native Instinct (GB),2.7,1
Catterick,William Hill Football Final One Standing Handicap (Div 1),11:23:00,Magic Boy (GER),2.7,1
Catterick,William Hill Football Final One Standing Handicap (Div 1),11:23:00,Quest For Fun (GB),2.7,1
Catterick,William Hill Football Final One Standing Handicap (Div 1),11:23:00,Mudamer (IRE),2.7,1
Catterick,William Hill Football Final One Standing Handicap (Div 1),11:23:00,NO NAME,2.7,1
Catterick,William Hill Football Final One Standing Handicap (Div 1),11:23:00,NO NAME,2.7,1
Catterick,William Hill Football Final One Standing Handicap (Div 1),11:23:00,NO NAME,2.7,1
Catterick,William Hill Football Final One Standing Handicap (Div 1),11:23:00,NO NAME,2.7,1
Catterick,William Hill Football Final One Standing Handicap (Div 1),11:23:00,NO NAME,2.7,1
Catterick,William Hill Football Final One Standing Handicap (Div 1),11:23:00,NO NAME,2.7,1
Catterick,William Hill Football Final One Standing Handicap (Div 1),11:23:00,Highfield Viking (GB),2.7,1
Catterick,William Hill Football Final One Standing Handicap (Div 1),11:23:00,Vince Le Prince (GB),2.74,17
Catterick,William Hill Football Final One Standing Handicap (Div 1),11:23:00,NO NAME,2.74,17
Catterick,William Hill Football Final One Standing Handicap (Div 1),11:23:00,NO NAME,5.5,19
Catterick,William Hill Football Final One Standing Handicap (Div 1),11:23:00,Havana Prince (GB),5.5,19
Catterick,William Hill Football Final One Standing Handicap (Div 2),11:50:00,Sir Garfield (IRE),2.74,1
Catterick,William Hill Football Final One Standing Handicap (Div 2),11:50:00,NO NAME,2.74,1
Catterick,William Hill Football Final One Standing Handicap (Div 2),11:50:00,NO NAME,2.74,1
Catterick,William Hill Football Final One Standing Handicap (Div 2),11:50:00,U Sure Do (IRE),2.74,1
Catterick,William Hill Football Final One Standing Handicap (Div 2),11:50:00,Coconut Bay (GB),2.74,1
Catterick,William Hill Football Final One Standing Handicap (Div 2),11:50:00,Yaaser (IRE),2.74,1
Catterick,William Hill Football Final One Standing Handicap (Div 2),11:50:00,Cliffcake (IRE),2.74,1
Catterick,William Hill Football Final One Standing Handicap (Div 2),11:50:00,Danzan (IRE),2.74,1
Catterick,William Hill Football Final One Standing Handicap (Div 2),11:50:00,NO NAME,2.74,1
Catterick,William Hill Football Final One Standing Handicap (Div 2),11:50:00,NO NAME,2.74,1
Catterick,William Hill Football Final One Standing Handicap (Div 2),11:50:00,NO NAME,2.74,1
Catterick,William Hill Football Final One Standing Handicap (Div 2),11:50:00,NO NAME,2.74,1
Catterick,William Hill Football Final One Standing Handicap (Div 2),11:50:00,NO NAME,4.5,13
Catterick,William Hill Football Final One Standing Handicap (Div 2),11:50:00,Woodstock (IRE),4.5,13
Catterick,William Hill Football Final One Standing Handicap (Div 2),11:50:00,NO NAME,5.1,15
Catterick,William Hill Football Final One Standing Handicap (Div 2),11:50:00,Tactical Plan (GB),5.1,15
Catterick,William Hill Football Final One Standing Handicap (Div 2),11:50:00,NO NAME,5.3,17
Catterick,William Hill Football Final One Standing Handicap (Div 2),11:50:00,Ahamoment (IRE),5.3,17
Catterick,William Hill Football Final One Standing Handicap (Div 2),11:50:00,NO NAME,7.2,19
Catterick,William Hill Football Final One Standing Handicap (Div 2),11:50:00,Catalyse (IRE),7.2,19
Ascot,Qipco British Champions Long Distance Cup (Group 1),11:55:00,Trawlerman (IRE),1.54,1
Ascot,Qipco British Champions Long Distance Cup (Group 1),11:55:00,NO NAME,1.54,1
Ascot,Qipco British Champions Long Distance Cup (Group 1),11:55:00,Sweet William (IRE),6,3
Ascot,Qipco British Champions Long Distance Cup (Group 1),11:55:00,NO NAME,6,3
Ascot,Qipco British Champions Long Distance Cup (Group 1),11:55:00,Stay True (IRE),7.6,5
Ascot,Qipco British Champions Long Distance Cup (Group 1),11:55:00,NO NAME,7.6,5
Ascot,Qipco British Champions Long Distance Cup (Group 1),11:55:00,Al Qareem (IRE),15.5,7
Ascot,Qipco British Champions Long Distance Cup (Group 1),11:55:00,NO NAME,15.5,7
Ascot,Qipco British Champions Long Distance Cup (Group 1),11:55:00,NO NAME,100,9
Ascot,Qipco British Champions Long Distance Cup (Group 1),11:55:00,Saratoga (IRE),100,9
Stratford,Nigel Reeve 60th Birthday Celebration Female Jockeys' Handicap Hurdle,12:15:00,Gerard Mentor (FR),2.7,1
Stratford,Nigel Reeve 60th Birthday Celebration Female Jockeys' Handicap Hurdle,12:15:00,Zenato (IRE),2.7,1
Stratford,Nigel Reeve 60th Birthday Celebration Female Jockeys' Handicap Hurdle,12:15:00,Sain Et Sauf (GB),2.7,1
Stratford,Nigel Reeve 60th Birthday Celebration Female Jockeys' Handicap Hurdle,12:15:00,Lusso Milan (IRE),2.7,1
Stratford,Nigel Reeve 60th Birthday Celebration Female Jockeys' Handicap Hurdle,12:15:00,Character Testing (GB),2.7,1
Stratford,Nigel Reeve 60th Birthday Celebration Female Jockeys' Handicap Hurdle,12:15:00,Granny B (IRE),2.7,1
Stratford,Nigel Reeve 60th Birthday Celebration Female Jockeys' Handicap Hurdle,12:15:00,Freddie Fleetfoot (GB),2.7,1
Stratford,Nigel Reeve 60th Birthday Celebration Female Jockeys' Handicap Hurdle,12:15:00,Coup De Gold (IRE),2.7,1
Stratford,Nigel Reeve 60th Birthday Celebration Female Jockeys' Handicap Hurdle,12:15:00,NO NAME,2.7,1
Stratford,Nigel Reeve 60th Birthday Celebration Female Jockeys' Handicap Hurdle,12:15:00,NO NAME,2.7,1
Stratford,Nigel Reeve 60th Birthday Celebration Female Jockeys' Handicap Hurdle,12:15:00,NO NAME,2.7,1
Stratford,Nigel Reeve 60th Birthday Celebration Female Jockeys' Handicap Hurdle,12:15:00,NO NAME,2.7,1
Stratford,Nigel Reeve 60th Birthday Celebration Female Jockeys' Handicap Hurdle,12:15:00,NO NAME,2.7,1
Stratford,Nigel Reeve 60th Birthday Celebration Female Jockeys' Handicap Hurdle,12:15:00,NO NAME,2.7,1
Stratford,Nigel Reeve 60th Birthday Celebration Female Jockeys' Handicap Hurdle,12:15:00,NO NAME,2.7,1
Stratford,Nigel Reeve 60th Birthday Celebration Female Jockeys' Handicap Hurdle,12:15:00,Barbie Girlz (IRE),2.7,1
Stratford,Nigel Reeve 60th Birthday Celebration Female Jockeys' Handicap Hurdle,12:15:00,Virtual Hug (IRE),2.7,1
Stratford,Nigel Reeve 60th Birthday Celebration Female Jockeys' Handicap Hurdle,12:15:00,NO NAME,2.7,1
Stratford,Nigel Reeve 60th Birthday Celebration Female Jockeys' Handicap Hurdle,12:15:00,NO NAME,2.7,1
Stratford,Nigel Reeve 60th Birthday Celebration Female Jockeys' Handicap Hurdle,12:15:00,NO NAME,2.7,1
Stratford,Nigel Reeve 60th Birthday Celebration Female Jockeys' Handicap Hurdle,12:15:00,Electric Eddy (GB),3.15,21
Stratford,Nigel Reeve 60th Birthday Celebration Female Jockeys' Handicap Hurdle,12:15:00,NO NAME,3.15,21
Catterick,William Hill Catterick Dash Handicap,12:20:00,I'm Next,2.7,1
Catterick,William Hill Catterick Dash Handicap,12:20:00,Curious Rover (IRE),2.7,1
Catterick,William Hill Catterick Dash Handicap,12:20:00,NO NAME,2.7,1
Catterick,William Hill Catterick Dash Handicap,12:20:00,NO NAME,2.7,1
Catterick,William Hill Catterick Dash Handicap,12:20:00,Jumbeau (GB),2.7,1
Catterick,William Hill Catterick Dash Handicap,12:20:00,I'm Next,2.7,1
Catterick,William Hill Catterick Dash Handicap,12:20:00,Castan (GB),2.7,1
Catterick,William Hill Catterick Dash Handicap,12:20:00,NO NAME,2.7,1
Catterick,William Hill Catterick Dash Handicap,12:20:00,NO NAME,2.7,1
Catterick,William Hill Catterick Dash Handicap,12:20:00,Lexington Blitz (IRE),2.7,1
Catterick,William Hill Catterick Dash Handicap,12:20:00,NO NAME,3.15,11
Catterick,William Hill Catterick Dash Handicap,12:20:00,Hiya Maite (GB),3.15,11
Catterick,William Hill Catterick Dash Handicap,12:20:00,NO NAME,4.1,13
Catterick,William Hill Catterick Dash Handicap,12:20:00,Vintage Clarets (GB),4.1,13
Catterick,William Hill Catterick Dash Handicap,12:20:00,NO NAME,5.2,15
Catterick,William Hill Catterick Dash Handicap,12:20:00,Venture Capital (GB),5.2,15
Catterick,William Hill Catterick Dash Handicap,12:20:00,NO NAME,8,17
Catterick,William Hill Catterick Dash Handicap,12:20:00,Hedge Fund (IRE),8,17
Catterick,William Hill Catterick Dash Handicap,12:20:00,NO NAME,8.2,19
Catterick,William Hill Catterick Dash Handicap,12:20:00,Kodiac Thriller (IRE),8.2,19
Catterick,William Hill Catterick Dash Handicap,12:20:00,Rosenpur (GER),9.8,21
Catterick,William Hill Catterick Dash Handicap,12:20:00,NO NAME,9.8,21
Ascot,Qipco British Champions Day Two-Year-Old Conditions Stakes (GBB Race),12:30:00,Words Of Truth (GB),2.46,1
Ascot,Qipco British Champions Day Two-Year-Old Conditions Stakes (GBB Race),12:30:00,NO NAME,2.46,1
Ascot,Qipco British Champions Day Two-Year-Old Conditions Stakes (GBB Race),12:30:00,NO NAME,6.4,3
Ascot,Qipco British Champions Day Two-Year-Old Conditions Stakes (GBB Race),12:30:00,Division (GB),6.4,3
Ascot,Qipco British Champions Day Two-Year-Old Conditions Stakes (GBB Race),12:30:00,NO NAME,8.4,5
Ascot,Qipco British Champions Day Two-Year-Old Conditions Stakes (GBB Race),12:30:00,Siren Suit (GB),8.4,5
Ascot,Qipco British Champions Day Two-Year-Old Conditions Stakes (GBB Race),12:30:00,Mission Central (IRE),11,7
Ascot,Qipco British Champions Day Two-Year-Old Conditions Stakes (GBB Race),12:30:00,NO NAME,11,7
Ascot,Qipco British Champions Day Two-Year-Old Conditions Stakes (GBB Race),12:30:00,Sir Albert (IRE),15.5,9
Ascot,Qipco British Champions Day Two-Year-Old Conditions Stakes (GBB Race),12:30:00,NO NAME,15.5,9
Ascot,Qipco British Champions Day Two-Year-Old Conditions Stakes (GBB Race),12:30:00,NO NAME,17.5,11
Ascot,Qipco British Champions Day Two-Year-Old Conditions Stakes (GBB Race),12:30:00,Gentle George (GB),17.5,11
Ascot,Qipco British Champions Day Two-Year-Old Conditions Stakes (GBB Race),12:30:00,NO NAME,19,13
Ascot,Qipco British Champions Day Two-Year-Old Conditions Stakes (GBB Race),12:30:00,Ardisia (IRE),19,13
Ascot,Qipco British Champions Day Two-Year-Old Conditions Stakes (GBB Race),12:30:00,Kansas (IRE),26,15
Ascot,Qipco British Champions Day Two-Year-Old Conditions Stakes (GBB Race),12:30:00,NO NAME,26,15
Ascot,Qipco British Champions Day Two-Year-Old Conditions Stakes (GBB Race),12:30:00,Super Soldier (IRE),40,17
Ascot,Qipco British Champions Day Two-Year-Old Conditions Stakes (GBB Race),12:30:00,NO NAME,40,17
Ascot,Qipco British Champions Day Two-Year-Old Conditions Stakes (GBB Race),12:30:00,NO NAME,75,19
Ascot,Qipco British Champions Day Two-Year-Old Conditions Stakes (GBB Race),12:30:00,Egoli (GB),75,19
Ascot,Qipco British Champions Day Two-Year-Old Conditions Stakes (GBB Race),12:30:00,Kamakameleon (GB),80,21
Ascot,Qipco British Champions Day Two-Year-Old Conditions Stakes (GBB Race),12:30:00,NO NAME,80,21
Ascot,Qipco British Champions Day Two-Year-Old Conditions Stakes (GBB Race),12:30:00,NO NAME,80,21
Ascot,Qipco British Champions Day Two-Year-Old Conditions Stakes (GBB Race),12:30:00,Watcha Snoop (IRE),80,21
Ascot,Qipco British Champions Day Two-Year-Old Conditions Stakes (GBB Race),12:30:00,Slay Queen (IRE),180,25
Ascot,Qipco British Champions Day Two-Year-Old Conditions Stakes (GBB Race),12:30:00,NO NAME,180,25
Limerick,Limerick Show Maiden Hurdle,12:45:00,Artic Chief,2,1
Limerick,Limerick Show Maiden Hurdle,12:45:00,Whoswhointhezoo (IRE),2,1
Limerick,Limerick Show Maiden Hurdle,12:45:00,Flash The Badge (IRE),2,1
Limerick,Limerick Show Maiden Hurdle,12:45:00,Talk The Talk (FR),2,1
Limerick,Limerick Show Maiden Hurdle,12:45:00,Splendid Fellow,2,1
Limerick,Limerick Show Maiden Hurdle,12:45:00,Hesgonethatway,2,1
Limerick,Limerick Show Maiden Hurdle,12:45:00,Royal Approval (USA),2,1
Limerick,Limerick Show Maiden Hurdle,12:45:00,Louiescall (IRE),2,1
Limerick,Limerick Show Maiden Hurdle,12:45:00,Call Tadgh (IRE),2,1
Limerick,Limerick Show Maiden Hurdle,12:45:00,Brosna Town (IRE),2,1
Limerick,Limerick Show Maiden Hurdle,12:45:00,Certamen (IRE),2,1
Limerick,Limerick Show Maiden Hurdle,12:45:00,Maharajjah (IRE),2,1
Limerick,Limerick Show Maiden Hurdle,12:45:00,Glin Road Boy (IRE),2,1
Limerick,Limerick Show Maiden Hurdle,12:45:00,Starting Fifteen (GB),2,1
Limerick,Limerick Show Maiden Hurdle,12:45:00,NO NAME,2,1
Limerick,Limerick Show Maiden Hurdle,12:45:00,NO NAME,2,1
Limerick,Limerick Show Maiden Hurdle,12:45:00,Hesgonethatway,2,1
Limerick,Limerick Show Maiden Hurdle,12:45:00,NO NAME,2,1
Limerick,Limerick Show Maiden Hurdle,12:45:00,NO NAME,2,1
Limerick,Limerick Show Maiden Hurdle,12:45:00,NO NAME,2,1
Limerick,Limerick Show Maiden Hurdle,12:45:00,Splendid Fellow,2,1
Limerick,Limerick Show Maiden Hurdle,12:45:00,Frankie's First,2,1
Limerick,Limerick Show Maiden Hurdle,12:45:00,Artic Chief,2,1
Limerick,Limerick Show Maiden Hurdle,12:45:00,NO NAME,2,1
Limerick,Limerick Show Maiden Hurdle,12:45:00,NO NAME,2,1
Limerick,Limerick Show Maiden Hurdle,12:45:00,NO NAME,2,1
Limerick,Limerick Show Maiden Hurdle,12:45:00,NO NAME,2,1
Limerick,Limerick Show Maiden Hurdle,12:45:00,NO NAME,2,1
Limerick,Limerick Show Maiden Hurdle,12:45:00,NO NAME,2,1
Limerick,Limerick Show Maiden Hurdle,12:45:00,Frankie's First,2,1
Limerick,Limerick Show Maiden Hurdle,12:45:00,NO NAME,2.3,31
Limerick,Limerick Show Maiden Hurdle,12:45:00,Touch The Moon (IRE),2.3,31
Stratford,Diesel Technic 10 Year Anniversary 'National Hunt' Maiden Hurdle (GBB Race),12:50:00,NO NAME,1.15,1
Stratford,Diesel Technic 10 Year Anniversary 'National Hunt' Maiden Hurdle (GBB Race),12:50:00,Vesalius (IRE),1.15,1
Stratford,Diesel Technic 10 Year Anniversary 'National Hunt' Maiden Hurdle (GBB Race),12:50:00,Absolutely Doyen (IRE),1.25,3
Stratford,Diesel Technic 10 Year Anniversary 'National Hunt' Maiden Hurdle (GBB Race),12:50:00,NO NAME,1.25,3
Stratford,Diesel Technic 10 Year Anniversary 'National Hunt' Maiden Hurdle (GBB Race),12:50:00,Night Stalker (GB),5.2,5
Stratford,Diesel Technic 10 Year Anniversary 'National Hunt' Maiden Hurdle (GBB Race),12:50:00,NO NAME,5.2,5
Stratford,Diesel Technic 10 Year Anniversary 'National Hunt' Maiden Hurdle (GBB Race),12:50:00,NO NAME,23,7
Stratford,Diesel Technic 10 Year Anniversary 'National Hunt' Maiden Hurdle (GBB Race),12:50:00,Aceofadiamond (IRE),23,7
Catterick,William Hill Each Way Extra Veterans' Handicap,12:55:00,Paws For Thought (IRE),3.1,1
Catterick,William Hill Each Way Extra Veterans' Handicap,12:55:00,NO NAME,3.1,1
Catterick,William Hill Each Way Extra Veterans' Handicap,12:55:00,NO NAME,3.1,1
Catterick,William Hill Each Way Extra Veterans' Handicap,12:55:00,NO NAME,3.1,1
Catterick,William Hill Each Way Extra Veterans' Handicap,12:55:00,NO NAME,3.1,1
Catterick,William Hill Each Way Extra Veterans' Handicap,12:55:00,NO NAME,3.1,1
Catterick,William Hill Each Way Extra Veterans' Handicap,12:55:00,NO NAME,3.1,1
Catterick,William Hill Each Way Extra Veterans' Handicap,12:55:00,NO NAME,3.1,1
Catterick,William Hill Each Way Extra Veterans' Handicap,12:55:00,NO NAME,3.1,1
Catterick,William Hill Each Way Extra Veterans' Handicap,12:55:00,NO NAME,3.1,1
Catterick,William Hill Each Way Extra Veterans' Handicap,12:55:00,Beauty Choice (GB),3.1,1
Catterick,William Hill Each Way Extra Veterans' Handicap,12:55:00,Spring Bloom (GB),3.1,1
Catterick,William Hill Each Way Extra Veterans' Handicap,12:55:00,Zarzyni (IRE),3.1,1
Catterick,William Hill Each Way Extra Veterans' Handicap,12:55:00,Lipsink (IRE),3.1,1
Catterick,William Hill Each Way Extra Veterans' Handicap,12:55:00,Alligator Alley (GB),3.1,1
Catterick,William Hill Each Way Extra Veterans' Handicap,12:55:00,Hurt You Never (IRE),3.1,1
Catterick,William Hill Each Way Extra Veterans' Handicap,12:55:00,Monsieur Kodi (IRE),3.1,1
Catterick,William Hill Each Way Extra Veterans' Handicap,12:55:00,Bosh (IRE),3.1,1
Catterick,William Hill Each Way Extra Veterans' Handicap,12:55:00,Ancient Times (USA),3.1,1
Catterick,William Hill Each Way Extra Veterans' Handicap,12:55:00,NO NAME,3.1,1
Ascot,Qipco British Champions Sprint Stakes (Group 1),13:05:00,Lazzat (FR),5.4,1
Ascot,Qipco British Champions Sprint Stakes (Group 1),13:05:00,NO NAME,5.4,1
Ascot,Qipco British Champions Sprint Stakes (Group 1),13:05:00,Montassib (GB),7.6,3
Ascot,Qipco British Champions Sprint Stakes (Group 1),13:05:00,NO NAME,7.6,3
Ascot,Qipco British Champions Sprint Stakes (Group 1),13:05:00,NO NAME,8,5
Ascot,Qipco British Champions Sprint Stakes (Group 1),13:05:00,Kind Of Blue (GB),8,5
Ascot,Qipco British Champions Sprint Stakes (Group 1),13:05:00,Big Mojo (IRE),10,7
Ascot,Qipco British Champions Sprint Stakes (Group 1),13:05:00,NO NAME,10,7
Ascot,Qipco British Champions Sprint Stakes (Group 1),13:05:00,NO NAME,13,9
Ascot,Qipco British Champions Sprint Stakes (Group 1),13:05:00,Rayevka (IRE),13,9
Ascot,Qipco British Champions Sprint Stakes (Group 1),13:05:00,NO NAME,13.5,11
Ascot,Qipco British Champions Sprint Stakes (Group 1),13:05:00,Flora Of Bermuda (IRE),13.5,11
Ascot,Qipco British Champions Sprint Stakes (Group 1),13:05:00,NO NAME,13.5,11
Ascot,Qipco British Champions Sprint Stakes (Group 1),13:05:00,King Cuan (GB),13.5,11
Ascot,Qipco British Champions Sprint Stakes (Group 1),13:05:00,NO NAME,16,15
Ascot,Qipco British Champions Sprint Stakes (Group 1),13:05:00,Inisherin (GB),16,15
Ascot,Qipco British Champions Sprint Stakes (Group 1),13:05:00,NO NAME,20,17
Ascot,Qipco British Champions Sprint Stakes (Group 1),13:05:00,Iberian (IRE),20,17
Ascot,Qipco British Champions Sprint Stakes (Group 1),13:05:00,Ten Bob Tony (IRE),22,19
Ascot,Qipco British Champions Sprint Stakes (Group 1),13:05:00,NO NAME,22,19
Ascot,Qipco British Champions Sprint Stakes (Group 1),13:05:00,No Half Measures (IRE),26,21
Ascot,Qipco British Champions Sprint Stakes (Group 1),13:05:00,NO NAME,26,21
Ascot,Qipco British Champions Sprint Stakes (Group 1),13:05:00,Witness Stand (GB),28,23
Ascot,Qipco British Champions Sprint Stakes (Group 1),13:05:00,NO NAME,28,23
Ascot,Qipco British Champions Sprint Stakes (Group 1),13:05:00,NO NAME,44,25
Ascot,Qipco British Champions Sprint Stakes (Group 1),13:05:00,Art Power (IRE),44,25
Ascot,Qipco British Champions Sprint Stakes (Group 1),13:05:00,NO NAME,48,27
Ascot,Qipco British Champions Sprint Stakes (Group 1),13:05:00,Spy Chief (GB),48,27
Ascot,Qipco British Champions Sprint Stakes (Group 1),13:05:00,James's Delight,55,29
Ascot,Qipco British Champions Sprint Stakes (Group 1),13:05:00,Quinault (GER),55,29
Ascot,Qipco British Champions Sprint Stakes (Group 1),13:05:00,NO NAME,55,29
Ascot,Qipco British Champions Sprint Stakes (Group 1),13:05:00,James's Delight,55,29
Ascot,Qipco British Champions Sprint Stakes (Group 1),13:05:00,NO NAME,70,33
Ascot,Qipco British Champions Sprint Stakes (Group 1),13:05:00,King's Gamble,70,33
Ascot,Qipco British Champions Sprint Stakes (Group 1),13:05:00,Run To Freedom (GB),70,33
Ascot,Qipco British Champions Sprint Stakes (Group 1),13:05:00,King's Gamble,70,33
Ascot,Qipco British Champions Sprint Stakes (Group 1),13:05:00,NO NAME,110,37
Ascot,Qipco British Champions Sprint Stakes (Group 1),13:05:00,Powerful Glory (IRE),110,37
Leopardstown,Irish EBF Fillies Maiden (Smullen Series),13:10:00,I Hope You Dance,1.5,1
Leopardstown,Irish EBF Fillies Maiden (Smullen Series),13:10:00,Almeiyda,1.5,1
Leopardstown,Irish EBF Fillies Maiden (Smullen Series),13:10:00,I Hope You Dance,1.5,1
Leopardstown,Irish EBF Fillies Maiden (Smullen Series),13:10:00,Musical Chimes (GB),1.5,1
Leopardstown,Irish EBF Fillies Maiden (Smullen Series),13:10:00,Knowinmeknowinyou,1.5,1
Leopardstown,Irish EBF Fillies Maiden (Smullen Series),13:10:00,Chasing Paradise,1.5,1
Leopardstown,Irish EBF Fillies Maiden (Smullen Series),13:10:00,Aravalli,1.5,1
Leopardstown,Irish EBF Fillies Maiden (Smullen Series),13:10:00,Almeiyda,1.5,1
Leopardstown,Irish EBF Fillies Maiden (Smullen Series),13:10:00,Ballycotton Bay,1.5,1
Leopardstown,Irish EBF Fillies Maiden (Smullen Series),13:10:00,NO NAME,1.5,1
Leopardstown,Irish EBF Fillies Maiden (Smullen Series),13:10:00,Aravalli,1.5,1
Leopardstown,Irish EBF Fillies Maiden (Smullen Series),13:10:00,Chasing Paradise,1.5,1
Leopardstown,Irish EBF Fillies Maiden (Smullen Series),13:10:00,Rose Sienna,1.5,1
Leopardstown,Irish EBF Fillies Maiden (Smullen Series),13:10:00,NO NAME,1.5,1
Leopardstown,Irish EBF Fillies Maiden (Smullen Series),13:10:00,Knowinmeknowinyou,1.5,1
Leopardstown,Irish EBF Fillies Maiden (Smullen Series),13:10:00,Camelot Queen (GB),1.5,1
Leopardstown,Irish EBF Fillies Maiden (Smullen Series),13:10:00,Ballycotton Bay,1.5,1
Leopardstown,Irish EBF Fillies Maiden (Smullen Series),13:10:00,Amelia Earhart (IRE),1.5,1
Leopardstown,Irish EBF Fillies Maiden (Smullen Series),13:10:00,Rose Sienna,1.5,1
Leopardstown,Irish EBF Fillies Maiden (Smullen Series),13:10:00,NO NAME,1.5,1
Newton Abbot,British Stallion Studs EBF 'National Hunt' Novices' Hurdle (GBB Race),13:15:00,Havefunontherun (IRE),2.1,1
Newton Abbot,British Stallion Studs EBF 'National Hunt' Novices' Hurdle (GBB Race),13:15:00,NO NAME,2.1,1
Newton Abbot,British Stallion Studs EBF 'National Hunt' Novices' Hurdle (GBB Race),13:15:00,Jackomy,2.1,1
Newton Abbot,British Stallion Studs EBF 'National Hunt' Novices' Hurdle (GBB Race),13:15:00,NO NAME,2.1,1
Newton Abbot,British Stallion Studs EBF 'National Hunt' Novices' Hurdle (GBB Race),13:15:00,Madajovy (GB),2.1,1
Newton Abbot,British Stallion Studs EBF 'National Hunt' Novices' Hurdle (GBB Race),13:15:00,Kapitein Kool (IRE),2.1,1
Newton Abbot,British Stallion Studs EBF 'National Hunt' Novices' Hurdle (GBB Race),13:15:00,Le Soleil Reve (FR),2.1,1
Newton Abbot,British Stallion Studs EBF 'National Hunt' Novices' Hurdle (GBB Race),13:15:00,Idaho Bridge (IRE),2.1,1
Newton Abbot,British Stallion Studs EBF 'National Hunt' Novices' Hurdle (GBB Race),13:15:00,Grey Lagoon,2.1,1
Newton Abbot,British Stallion Studs EBF 'National Hunt' Novices' Hurdle (GBB Race),13:15:00,NO NAME,2.1,1
Newton Abbot,British Stallion Studs EBF 'National Hunt' Novices' Hurdle (GBB Race),13:15:00,NO NAME,2.1,1
Newton Abbot,British Stallion Studs EBF 'National Hunt' Novices' Hurdle (GBB Race),13:15:00,NO NAME,2.1,1
Newton Abbot,British Stallion Studs EBF 'National Hunt' Novices' Hurdle (GBB Race),13:15:00,NO NAME,2.1,1
Newton Abbot,British Stallion Studs EBF 'National Hunt' Novices' Hurdle (GBB Race),13:15:00,Grey Lagoon,2.1,1
Newton Abbot,British Stallion Studs EBF 'National Hunt' Novices' Hurdle (GBB Race),13:15:00,Jackomy,2.1,1
Newton Abbot,British Stallion Studs EBF 'National Hunt' Novices' Hurdle (GBB Race),13:15:00,Calvino (IRE),2.1,1
Newton Abbot,British Stallion Studs EBF 'National Hunt' Novices' Hurdle (GBB Race),13:15:00,Hot To Go,2.16,17
Newton Abbot,British Stallion Studs EBF 'National Hunt' Novices' Hurdle (GBB Race),13:15:00,Hot To Go,2.16,17
Newton Abbot,British Stallion Studs EBF 'National Hunt' Novices' Hurdle (GBB Race),13:15:00,NO NAME,22,19
Newton Abbot,British Stallion Studs EBF 'National Hunt' Novices' Hurdle (GBB Race),13:15:00,Fight My Fire (IRE),22,19
Newton Abbot,British Stallion Studs EBF 'National Hunt' Novices' Hurdle (GBB Race),13:15:00,El Arco (IRE),26,21
Newton Abbot,British Stallion Studs EBF 'National Hunt' Novices' Hurdle (GBB Race),13:15:00,NO NAME,26,21
Limerick,Vision Contracting Maiden Hurdle,13:20:00,NO NAME,2,1
Limerick,Vision Contracting Maiden Hurdle,13:20:00,NO NAME,2,1
Limerick,Vision Contracting Maiden Hurdle,13:20:00,NO NAME,2,1
Limerick,Vision Contracting Maiden Hurdle,13:20:00,NO NAME,2,1
Limerick,Vision Contracting Maiden Hurdle,13:20:00,NO NAME,2,1
Limerick,Vision Contracting Maiden Hurdle,13:20:00,How's The Head,2,1
Limerick,Vision Contracting Maiden Hurdle,13:20:00,NO NAME,2,1
Limerick,Vision Contracting Maiden Hurdle,13:20:00,NO NAME,2,1
Limerick,Vision Contracting Maiden Hurdle,13:20:00,NO NAME,2,1
Limerick,Vision Contracting Maiden Hurdle,13:20:00,Mistyburn (IRE),2,1
Limerick,Vision Contracting Maiden Hurdle,13:20:00,Apalachiyeats (IRE),2,1
Limerick,Vision Contracting Maiden Hurdle,13:20:00,How's The Head,2,1
Limerick,Vision Contracting Maiden Hurdle,13:20:00,Uptaurintop (IRE),2,1
Limerick,Vision Contracting Maiden Hurdle,13:20:00,Kazbek (IRE),2,1
Limerick,Vision Contracting Maiden Hurdle,13:20:00,NO NAME,2,1
Limerick,Vision Contracting Maiden Hurdle,13:20:00,Run For The Border (IRE),2,1
Limerick,Vision Contracting Maiden Hurdle,13:20:00,Three County Star (IRE),2,1
Limerick,Vision Contracting Maiden Hurdle,13:20:00,We Be Grand (IRE),2,1
Limerick,Vision Contracting Maiden Hurdle,13:20:00,Bridge View Star (IRE),2,1
Limerick,Vision Contracting Maiden Hurdle,13:20:00,Easy Doyen (IRE),2,1
Stratford,Mid-Warwickshire Cleaning Supplies Handicap Chase (GBB Race),13:30:00,NO NAME,1.65,1
Stratford,Mid-Warwickshire Cleaning Supplies Handicap Chase (GBB Race),13:30:00,NO NAME,1.65,1
Stratford,Mid-Warwickshire Cleaning Supplies Handicap Chase (GBB Race),13:30:00,Mix Of Clover (GB),1.65,1
Stratford,Mid-Warwickshire Cleaning Supplies Handicap Chase (GBB Race),13:30:00,Cartonne (FR),1.65,1
Stratford,Mid-Warwickshire Cleaning Supplies Handicap Chase (GBB Race),13:30:00,NO NAME,2.2,5
Stratford,Mid-Warwickshire Cleaning Supplies Handicap Chase (GBB Race),13:30:00,Juggernaut (FR),2.2,5
Stratford,Mid-Warwickshire Cleaning Supplies Handicap Chase (GBB Race),13:30:00,NO NAME,2.2,5
Stratford,Mid-Warwickshire Cleaning Supplies Handicap Chase (GBB Race),13:30:00,Midnight Jewel (GB),2.2,5
Stratford,Mid-Warwickshire Cleaning Supplies Handicap Chase (GBB Race),13:30:00,NO NAME,3.65,9
Stratford,Mid-Warwickshire Cleaning Supplies Handicap Chase (GBB Race),13:30:00,Salley Gardens (IRE),3.65,9
Leopardstown,Irish EBF (C & G) Maiden (Smullen Series),13:40:00,Ex Animo (IRE),2.6,1
Leopardstown,Irish EBF (C & G) Maiden (Smullen Series),13:40:00,Il Corsaro,2.6,1
Leopardstown,Irish EBF (C & G) Maiden (Smullen Series),13:40:00,Grand Premiere,2.6,1
Leopardstown,Irish EBF (C & G) Maiden (Smullen Series),13:40:00,Fits Perfect (IRE),2.6,1
Leopardstown,Irish EBF (C & G) Maiden (Smullen Series),13:40:00,Sharkeyboy (FR),2.6,1
Leopardstown,Irish EBF (C & G) Maiden (Smullen Series),13:40:00,Star Chamber (GB),2.6,1
Leopardstown,Irish EBF (C & G) Maiden (Smullen Series),13:40:00,Hes A Big Boy Now,2.6,1
Leopardstown,Irish EBF (C & G) Maiden (Smullen Series),13:40:00,Il Corsaro,2.6,1
Leopardstown,Irish EBF (C & G) Maiden (Smullen Series),13:40:00,NO NAME,2.6,1
Leopardstown,Irish EBF (C & G) Maiden (Smullen Series),13:40:00,Grand Premiere,2.6,1
Leopardstown,Irish EBF (C & G) Maiden (Smullen Series),13:40:00,NO NAME,2.6,1
Leopardstown,Irish EBF (C & G) Maiden (Smullen Series),13:40:00,NO NAME,2.6,1
Leopardstown,Irish EBF (C & G) Maiden (Smullen Series),13:40:00,NO NAME,2.6,1
Leopardstown,Irish EBF (C & G) Maiden (Smullen Series),13:40:00,Darius Dark,2.6,1
Leopardstown,Irish EBF (C & G) Maiden (Smullen Series),13:40:00,NO NAME,2.6,1
Leopardstown,Irish EBF (C & G) Maiden (Smullen Series),13:40:00,Mergus Serrator,2.6,1
Leopardstown,Irish EBF (C & G) Maiden (Smullen Series),13:40:00,Hes A Big Boy Now,2.6,1
Leopardstown,Irish EBF (C & G) Maiden (Smullen Series),13:40:00,Eniac (IRE),2.6,1
Leopardstown,Irish EBF (C & G) Maiden (Smullen Series),13:40:00,Darius Dark,2.6,1
Leopardstown,Irish EBF (C & G) Maiden (Smullen Series),13:40:00,Mergus Serrator,2.6,1
Leopardstown,Irish EBF (C & G) Maiden (Smullen Series),13:40:00,Antigua,2.62,21
Leopardstown,Irish EBF (C & G) Maiden (Smullen Series),13:40:00,Antigua,2.62,21
Leopardstown,Irish EBF (C & G) Maiden (Smullen Series),13:40:00,Zia Zabel (IRE),3.75,23
Leopardstown,Irish EBF (C & G) Maiden (Smullen Series),13:40:00,NO NAME,3.75,23
Ascot,Qipco British Champions Fillies & Mares Stakes (Fillies' & Mares' Group 1),13:45:00,NO NAME,3.9,1
Ascot,Qipco British Champions Fillies & Mares Stakes (Fillies' & Mares' Group 1),13:45:00,Kalpana (GB),3.9,1
Ascot,Qipco British Champions Fillies & Mares Stakes (Fillies' & Mares' Group 1),13:45:00,Estrange (IRE),6.8,3
Ascot,Qipco British Champions Fillies & Mares Stakes (Fillies' & Mares' Group 1),13:45:00,NO NAME,6.8,3
Ascot,Qipco British Champions Fillies & Mares Stakes (Fillies' & Mares' Group 1),13:45:00,NO NAME,7.2,5
Ascot,Qipco British Champions Fillies & Mares Stakes (Fillies' & Mares' Group 1),13:45:00,Waardah (IRE),7.2,5
Ascot,Qipco British Champions Fillies & Mares Stakes (Fillies' & Mares' Group 1),13:45:00,Quisisana,8.8,7
Ascot,Qipco British Champions Fillies & Mares Stakes (Fillies' & Mares' Group 1),13:45:00,Quisisana,8.8,7
Ascot,Qipco British Champions Fillies & Mares Stakes (Fillies' & Mares' Group 1),13:45:00,NO NAME,10,9
Ascot,Qipco British Champions Fillies & Mares Stakes (Fillies' & Mares' Group 1),13:45:00,One Look (IRE),10,9
Ascot,Qipco British Champions Fillies & Mares Stakes (Fillies' & Mares' Group 1),13:45:00,NO NAME,12.5,11
Ascot,Qipco British Champions Fillies & Mares Stakes (Fillies' & Mares' Group 1),13:45:00,NO NAME,12.5,11
Ascot,Qipco British Champions Fillies & Mares Stakes (Fillies' & Mares' Group 1),13:45:00,Bedtime Story (IRE),12.5,11
Ascot,Qipco British Champions Fillies & Mares Stakes (Fillies' & Mares' Group 1),13:45:00,Wemightakedlongway (IRE),12.5,11
Ascot,Qipco British Champions Fillies & Mares Stakes (Fillies' & Mares' Group 1),13:45:00,Danielle (GB),19,15
Ascot,Qipco British Champions Fillies & Mares Stakes (Fillies' & Mares' Group 1),13:45:00,NO NAME,19,15
Ascot,Qipco British Champions Fillies & Mares Stakes (Fillies' & Mares' Group 1),13:45:00,Latakia,19,15
Ascot,Qipco British Champions Fillies & Mares Stakes (Fillies' & Mares' Group 1),13:45:00,Latakia,19,15
Ascot,Qipco British Champions Fillies & Mares Stakes (Fillies' & Mares' Group 1),13:45:00,Ballet Slippers (IRE),60,19
Ascot,Qipco British Champions Fillies & Mares Stakes (Fillies' & Mares' Group 1),13:45:00,NO NAME,60,19
Newton Abbot,Weatherbys & Birdie Calendars Conditional Jockeys' Handicap Chase,13:54:00,NO NAME,1.75,1
Newton Abbot,Weatherbys & Birdie Calendars Conditional Jockeys' Handicap Chase,13:54:00,NO NAME,1.75,1
Newton Abbot,Weatherbys & Birdie Calendars Conditional Jockeys' Handicap Chase,13:54:00,Blackacre (GB),1.75,1
Newton Abbot,Weatherbys & Birdie Calendars Conditional Jockeys' Handicap Chase,13:54:00,Testflight (GB),1.75,1
Newton Abbot,Weatherbys & Birdie Calendars Conditional Jockeys' Handicap Chase,13:54:00,Esperti (IRE),1.75,1
Newton Abbot,Weatherbys & Birdie Calendars Conditional Jockeys' Handicap Chase,13:54:00,Moonlight Artist (GB),1.75,1
Newton Abbot,Weatherbys & Birdie Calendars Conditional Jockeys' Handicap Chase,13:54:00,NO NAME,1.75,1
Newton Abbot,Weatherbys & Birdie Calendars Conditional Jockeys' Handicap Chase,13:54:00,NO NAME,1.75,1
Newton Abbot,Weatherbys & Birdie Calendars Conditional Jockeys' Handicap Chase,13:54:00,Of Corse I Can (FR),2.3,9
Newton Abbot,Weatherbys & Birdie Calendars Conditional Jockeys' Handicap Chase,13:54:00,NO NAME,2.3,9
Newton Abbot,Weatherbys & Birdie Calendars Conditional Jockeys' Handicap Chase,13:54:00,Lock Out (IRE),4,11
Newton Abbot,Weatherbys & Birdie Calendars Conditional Jockeys' Handicap Chase,13:54:00,NO NAME,4,11
Limerick,Irish Stallion Farms EBF Cailin Alainn Mares Hurdle (Listed),13:55:00,NO NAME,2,1
Limerick,Irish Stallion Farms EBF Cailin Alainn Mares Hurdle (Listed),13:55:00,NO NAME,2,1
Limerick,Irish Stallion Farms EBF Cailin Alainn Mares Hurdle (Listed),13:55:00,NO NAME,2,1
Limerick,Irish Stallion Farms EBF Cailin Alainn Mares Hurdle (Listed),13:55:00,NO NAME,2,1
Limerick,Irish Stallion Farms EBF Cailin Alainn Mares Hurdle (Listed),13:55:00,Getaway Beo (IRE),2,1
Limerick,Irish Stallion Farms EBF Cailin Alainn Mares Hurdle (Listed),13:55:00,Millstream Lady (IRE),2,1
Limerick,Irish Stallion Farms EBF Cailin Alainn Mares Hurdle (Listed),13:55:00,NO NAME,2,1
Limerick,Irish Stallion Farms EBF Cailin Alainn Mares Hurdle (Listed),13:55:00,NO NAME,2,1
Limerick,Irish Stallion Farms EBF Cailin Alainn Mares Hurdle (Listed),13:55:00,NO NAME,2,1
Limerick,Irish Stallion Farms EBF Cailin Alainn Mares Hurdle (Listed),13:55:00,Thisistheway (IRE),2,1
Limerick,Irish Stallion Farms EBF Cailin Alainn Mares Hurdle (Listed),13:55:00,World Of Fortunes (IRE),2,1
Limerick,Irish Stallion Farms EBF Cailin Alainn Mares Hurdle (Listed),13:55:00,Feet Of A Dancer (FR),2,1
Limerick,Irish Stallion Farms EBF Cailin Alainn Mares Hurdle (Listed),13:55:00,Mousey Brown (IRE),2,1
Limerick,Irish Stallion Farms EBF Cailin Alainn Mares Hurdle (Listed),13:55:00,Farfromnowhere (IRE),2,1
Stratford,Steve And Madeleine's 10 Year Anniversary Mares' Handicap Hurdle,14:05:00,NO NAME,2.02,1
Stratford,Steve And Madeleine's 10 Year Anniversary Mares' Handicap Hurdle,14:05:00,Getmetothemoon (GB),2.02,1
Stratford,Steve And Madeleine's 10 Year Anniversary Mares' Handicap Hurdle,14:05:00,Lagertha (IRE),2.04,3
Stratford,Steve And Madeleine's 10 Year Anniversary Mares' Handicap Hurdle,14:05:00,NO NAME,2.04,3
Stratford,Steve And Madeleine's 10 Year Anniversary Mares' Handicap Hurdle,14:05:00,Quick Of The Night (GB),2.04,3
Stratford,Steve And Madeleine's 10 Year Anniversary Mares' Handicap Hurdle,14:05:00,Kitty Foyle (IRE),2.04,3
Stratford,Steve And Madeleine's 10 Year Anniversary Mares' Handicap Hurdle,14:05:00,NO NAME,2.04,3
Stratford,Steve And Madeleine's 10 Year Anniversary Mares' Handicap Hurdle,14:05:00,NO NAME,2.04,3
Stratford,Steve And Madeleine's 10 Year Anniversary Mares' Handicap Hurdle,14:05:00,Seeyouinmydreams (GB),3,9
Stratford,Steve And Madeleine's 10 Year Anniversary Mares' Handicap Hurdle,14:05:00,NO NAME,3,9
Leopardstown,Mongey Communications Eyrefield Stakes (Group 3),14:15:00,NO NAME,1.9,1
Leopardstown,Mongey Communications Eyrefield Stakes (Group 3),14:15:00,Thread Of Gold (IRE),1.9,1
Leopardstown,Mongey Communications Eyrefield Stakes (Group 3),14:15:00,NO NAME,1.9,1
Leopardstown,Mongey Communications Eyrefield Stakes (Group 3),14:15:00,NO NAME,1.9,1
Leopardstown,Mongey Communications Eyrefield Stakes (Group 3),14:15:00,NO NAME,1.9,1
Leopardstown,Mongey Communications Eyrefield Stakes (Group 3),14:15:00,NO NAME,1.9,1
Leopardstown,Mongey Communications Eyrefield Stakes (Group 3),14:15:00,NO NAME,1.9,1
Leopardstown,Mongey Communications Eyrefield Stakes (Group 3),14:15:00,NO NAME,1.9,1
Leopardstown,Mongey Communications Eyrefield Stakes (Group 3),14:15:00,Listentodwindblow (IRE),1.9,1
Leopardstown,Mongey Communications Eyrefield Stakes (Group 3),14:15:00,South Island (IRE),1.9,1
Leopardstown,Mongey Communications Eyrefield Stakes (Group 3),14:15:00,Christmas Day (IRE),1.9,1
Leopardstown,Mongey Communications Eyrefield Stakes (Group 3),14:15:00,Port Of Spain (IRE),1.9,1
Leopardstown,Mongey Communications Eyrefield Stakes (Group 3),14:15:00,A Boy Named Susie (IRE),1.9,1
Leopardstown,Mongey Communications Eyrefield Stakes (Group 3),14:15:00,Nil Bua Gan Dua (USA),1.9,1
Leopardstown,Mongey Communications Eyrefield Stakes (Group 3),14:15:00,Piazza San Marco (USA),1.97,15
Leopardstown,Mongey Communications Eyrefield Stakes (Group 3),14:15:00,NO NAME,1.97,15
Ascot,Queen Elizabeth II Stakes (Sponsored By Qipco) (Group 1) (Str),14:25:00,NO NAME,2.94,1
Ascot,Queen Elizabeth II Stakes (Sponsored By Qipco) (Group 1) (Str),14:25:00,Field Of Gold (IRE),2.94,1
Ascot,Queen Elizabeth II Stakes (Sponsored By Qipco) (Group 1) (Str),14:25:00,NO NAME,6.4,3
Ascot,Queen Elizabeth II Stakes (Sponsored By Qipco) (Group 1) (Str),14:25:00,Rosallion (IRE),6.4,3
Ascot,Queen Elizabeth II Stakes (Sponsored By Qipco) (Group 1) (Str),14:25:00,Never So Brave (IRE),9,5
Ascot,Queen Elizabeth II Stakes (Sponsored By Qipco) (Group 1) (Str),14:25:00,NO NAME,9,5
Ascot,Queen Elizabeth II Stakes (Sponsored By Qipco) (Group 1) (Str),14:25:00,Fallen Angel (FR),10,7
Ascot,Queen Elizabeth II Stakes (Sponsored By Qipco) (Group 1) (Str),14:25:00,NO NAME,10,7
Ascot,Queen Elizabeth II Stakes (Sponsored By Qipco) (Group 1) (Str),14:25:00,Docklands (GB),16.5,9
Ascot,Queen Elizabeth II Stakes (Sponsored By Qipco) (Group 1) (Str),14:25:00,NO NAME,16.5,9
Ascot,Queen Elizabeth II Stakes (Sponsored By Qipco) (Group 1) (Str),14:25:00,NO NAME,19.5,11
Ascot,Queen Elizabeth II Stakes (Sponsored By Qipco) (Group 1) (Str),14:25:00,The Lion In Winter (IRE),19.5,11
Ascot,Queen Elizabeth II Stakes (Sponsored By Qipco) (Group 1) (Str),14:25:00,Carl Spackler (IRE),24,13
Ascot,Queen Elizabeth II Stakes (Sponsored By Qipco) (Group 1) (Str),14:25:00,NO NAME,24,13
Ascot,Queen Elizabeth II Stakes (Sponsored By Qipco) (Group 1) (Str),14:25:00,Facteur Cheval (IRE),29,15
Ascot,Queen Elizabeth II Stakes (Sponsored By Qipco) (Group 1) (Str),14:25:00,NO NAME,29,15
Ascot,Queen Elizabeth II Stakes (Sponsored By Qipco) (Group 1) (Str),14:25:00,Alakazi (FR),30,17
Ascot,Queen Elizabeth II Stakes (Sponsored By Qipco) (Group 1) (Str),14:25:00,Marvelman (IRE),30,17
Ascot,Queen Elizabeth II Stakes (Sponsored By Qipco) (Group 1) (Str),14:25:00,NO NAME,30,17
Ascot,Queen Elizabeth II Stakes (Sponsored By Qipco) (Group 1) (Str),14:25:00,NO NAME,30,17
Ascot,Queen Elizabeth II Stakes (Sponsored By Qipco) (Group 1) (Str),14:25:00,Tamfana (GER),38,21
Ascot,Queen Elizabeth II Stakes (Sponsored By Qipco) (Group 1) (Str),14:25:00,NO NAME,38,21
Ascot,Queen Elizabeth II Stakes (Sponsored By Qipco) (Group 1) (Str),14:25:00,Dancing Gemini (IRE),60,23
Ascot,Queen Elizabeth II Stakes (Sponsored By Qipco) (Group 1) (Str),14:25:00,NO NAME,60,23
Ascot,Queen Elizabeth II Stakes (Sponsored By Qipco) (Group 1) (Str),14:25:00,January (GB),60,23
Ascot,Queen Elizabeth II Stakes (Sponsored By Qipco) (Group 1) (Str),14:25:00,NO NAME,60,23
Ascot,Queen Elizabeth II Stakes (Sponsored By Qipco) (Group 1) (Str),14:25:00,NO NAME,85,27
Ascot,Queen Elizabeth II Stakes (Sponsored By Qipco) (Group 1) (Str),14:25:00,Exactly (GB),85,27
Ascot,Queen Elizabeth II Stakes (Sponsored By Qipco) (Group 1) (Str),14:25:00,Quddwah (GB),110,29
Ascot,Queen Elizabeth II Stakes (Sponsored By Qipco) (Group 1) (Str),14:25:00,NO NAME,110,29
Ascot,Queen Elizabeth II Stakes (Sponsored By Qipco) (Group 1) (Str),14:25:00,Cicero's Gift,120,31
Ascot,Queen Elizabeth II Stakes (Sponsored By Qipco) (Group 1) (Str),14:25:00,Cicero's Gift,120,31
Limerick,"Tote Guarantee, Never Beaten By SP Novice Hurdle (Listed)",14:30:00,NO NAME,2.2,1
Limerick,"Tote Guarantee, Never Beaten By SP Novice Hurdle (Listed)",14:30:00,NO NAME,2.2,1
Limerick,"Tote Guarantee, Never Beaten By SP Novice Hurdle (Listed)",14:30:00,NO NAME,2.2,1
Limerick,"Tote Guarantee, Never Beaten By SP Novice Hurdle (Listed)",14:30:00,NO NAME,2.2,1
Limerick,"Tote Guarantee, Never Beaten By SP Novice Hurdle (Listed)",14:30:00,Strong Contender,2.2,1
Limerick,"Tote Guarantee, Never Beaten By SP Novice Hurdle (Listed)",14:30:00,Ballykinlar (IRE),2.2,1
Limerick,"Tote Guarantee, Never Beaten By SP Novice Hurdle (Listed)",14:30:00,Dramatic License (IRE),2.2,1
Limerick,"Tote Guarantee, Never Beaten By SP Novice Hurdle (Listed)",14:30:00,Ephesus (IRE),2.2,1
Limerick,"Tote Guarantee, Never Beaten By SP Novice Hurdle (Listed)",14:30:00,Kilbuny Supersonic (IRE),2.2,1
Limerick,"Tote Guarantee, Never Beaten By SP Novice Hurdle (Listed)",14:30:00,Shadow Paddy (IRE),2.2,1
Limerick,"Tote Guarantee, Never Beaten By SP Novice Hurdle (Listed)",14:30:00,Strong Contender,2.2,1
Limerick,"Tote Guarantee, Never Beaten By SP Novice Hurdle (Listed)",14:30:00,Carrigg Island (IRE),2.2,1
Limerick,"Tote Guarantee, Never Beaten By SP Novice Hurdle (Listed)",14:30:00,NO NAME,2.2,1
Limerick,"Tote Guarantee, Never Beaten By SP Novice Hurdle (Listed)",14:30:00,NO NAME,2.2,1
Newton Abbot,Wollens Full Spectrum Law Handicap Hurdle,14:35:00,St Lukes Chelsea (GB),2.2,1
Newton Abbot,Wollens Full Spectrum Law Handicap Hurdle,14:35:00,Cornish Storm (GB),2.2,1
Newton Abbot,Wollens Full Spectrum Law Handicap Hurdle,14:35:00,NO NAME,2.2,1
Newton Abbot,Wollens Full Spectrum Law Handicap Hurdle,14:35:00,NO NAME,2.2,1
Newton Abbot,Wollens Full Spectrum Law Handicap Hurdle,14:35:00,NO NAME,2.6,5
Newton Abbot,Wollens Full Spectrum Law Handicap Hurdle,14:35:00,Courageous Strike (GB),2.6,5
Newton Abbot,Wollens Full Spectrum Law Handicap Hurdle,14:35:00,Manuelito (GB),3.4,7
Newton Abbot,Wollens Full Spectrum Law Handicap Hurdle,14:35:00,NO NAME,3.4,7
Newton Abbot,Wollens Full Spectrum Law Handicap Hurdle,14:35:00,NO NAME,4.8,9
Newton Abbot,Wollens Full Spectrum Law Handicap Hurdle,14:35:00,Tax For Max (GER),4.8,9
Newton Abbot,Wollens Full Spectrum Law Handicap Hurdle,14:35:00,NO NAME,5.9,11
Newton Abbot,Wollens Full Spectrum Law Handicap Hurdle,14:35:00,Dance And Glance (GB),5.9,11
Newton Abbot,Wollens Full Spectrum Law Handicap Hurdle,14:35:00,Bluegrass (IRE),7.8,13
Newton Abbot,Wollens Full Spectrum Law Handicap Hurdle,14:35:00,NO NAME,7.8,13
Newton Abbot,Wollens Full Spectrum Law Handicap Hurdle,14:35:00,American Land (IRE),8.6,15
Newton Abbot,Wollens Full Spectrum Law Handicap Hurdle,14:35:00,NO NAME,8.6,15
Stratford,Jaxon Daiquiri's First Year Handicap Hurdle,14:40:00,NO NAME,2.2,1
Stratford,Jaxon Daiquiri's First Year Handicap Hurdle,14:40:00,NO NAME,2.2,1
Stratford,Jaxon Daiquiri's First Year Handicap Hurdle,14:40:00,G'day Aussie,2.2,1
Stratford,Jaxon Daiquiri's First Year Handicap Hurdle,14:40:00,NO NAME,2.2,1
Stratford,Jaxon Daiquiri's First Year Handicap Hurdle,14:40:00,NO NAME,2.2,1
Stratford,Jaxon Daiquiri's First Year Handicap Hurdle,14:40:00,NO NAME,2.2,1
Stratford,Jaxon Daiquiri's First Year Handicap Hurdle,14:40:00,Hardy Buck (IRE),2.2,1
Stratford,Jaxon Daiquiri's First Year Handicap Hurdle,14:40:00,G'day Aussie,2.2,1
Stratford,Jaxon Daiquiri's First Year Handicap Hurdle,14:40:00,Fight For It (IRE),2.2,1
Stratford,Jaxon Daiquiri's First Year Handicap Hurdle,14:40:00,Dreamweaver (IRE),2.2,1
Stratford,Jaxon Daiquiri's First Year Handicap Hurdle,14:40:00,Northern Rose (IRE),2.2,1
Stratford,Jaxon Daiquiri's First Year Handicap Hurdle,14:40:00,Cawthorne Banker (IRE),2.2,1
Stratford,Jaxon Daiquiri's First Year Handicap Hurdle,14:40:00,Sassified (IRE),3.15,13
Stratford,Jaxon Daiquiri's First Year Handicap Hurdle,14:40:00,NO NAME,3.15,13
Stratford,Jaxon Daiquiri's First Year Handicap Hurdle,14:40:00,Baikal (GB),3.95,15
Stratford,Jaxon Daiquiri's First Year Handicap Hurdle,14:40:00,NO NAME,3.95,15
Stratford,Jaxon Daiquiri's First Year Handicap Hurdle,14:40:00,Basilette (IRE),5.3,17
Stratford,Jaxon Daiquiri's First Year Handicap Hurdle,14:40:00,NO NAME,5.3,17
Leopardstown,Irish Stallion Farms EBF Fillies Maiden,14:50:00,Trumph,1.5,1
Leopardstown,Irish Stallion Farms EBF Fillies Maiden,14:50:00,Keepsgettingbetter (IRE),1.5,1
Leopardstown,Irish Stallion Farms EBF Fillies Maiden,14:50:00,Divine Legend,1.5,1
Leopardstown,Irish Stallion Farms EBF Fillies Maiden,14:50:00,Celestially,1.5,1
Leopardstown,Irish Stallion Farms EBF Fillies Maiden,14:50:00,Micaela De Lujan (GB),1.5,1
Leopardstown,Irish Stallion Farms EBF Fillies Maiden,14:50:00,Croi Gra,1.5,1
Leopardstown,Irish Stallion Farms EBF Fillies Maiden,14:50:00,Garden Party (GB),1.5,1
Leopardstown,Irish Stallion Farms EBF Fillies Maiden,14:50:00,Shamlia,1.5,1
Leopardstown,Irish Stallion Farms EBF Fillies Maiden,14:50:00,Push Harder (IRE),1.5,1
Leopardstown,Irish Stallion Farms EBF Fillies Maiden,14:50:00,Trumph,1.5,1
Leopardstown,Irish Stallion Farms EBF Fillies Maiden,14:50:00,NO NAME,1.5,1
Leopardstown,Irish Stallion Farms EBF Fillies Maiden,14:50:00,Divine Legend,1.5,1
Leopardstown,Irish Stallion Farms EBF Fillies Maiden,14:50:00,NO NAME,1.5,1
Leopardstown,Irish Stallion Farms EBF Fillies Maiden,14:50:00,Croi Gra,1.5,1
Leopardstown,Irish Stallion Farms EBF Fillies Maiden,14:50:00,NO NAME,1.5,1
Leopardstown,Irish Stallion Farms EBF Fillies Maiden,14:50:00,Shamlia,1.5,1
Leopardstown,Irish Stallion Farms EBF Fillies Maiden,14:50:00,NO NAME,1.5,1
Leopardstown,Irish Stallion Farms EBF Fillies Maiden,14:50:00,Celestially,1.5,1
Leopardstown,Irish Stallion Farms EBF Fillies Maiden,14:50:00,Aquilla Star (IRE),1.5,1
Leopardstown,Irish Stallion Farms EBF Fillies Maiden,14:50:00,NO NAME,1.5,1
Leopardstown,Irish Stallion Farms EBF Fillies Maiden,14:50:00,NO NAME,1.5,1
Leopardstown,Irish Stallion Farms EBF Fillies Maiden,14:50:00,NO NAME,1.5,1
Leopardstown,Irish Stallion Farms EBF Fillies Maiden,14:50:00,Arizona Star (IRE),1.5,1
Leopardstown,Irish Stallion Farms EBF Fillies Maiden,14:50:00,Charm Of Venice,1.5,1
Leopardstown,Irish Stallion Farms EBF Fillies Maiden,14:50:00,Take A Bow (GB),1.5,1
Leopardstown,Irish Stallion Farms EBF Fillies Maiden,14:50:00,Charm Of Venice,1.5,1
Leopardstown,Irish Stallion Farms EBF Fillies Maiden,14:50:00,Minerva (IRE),1.74,27
Leopardstown,Irish Stallion Farms EBF Fillies Maiden,14:50:00,NO NAME,1.74,27
Limerick,Master Chefs Classic Handicap Hurdle,15:00:00,Arthur's Victory,2.5,1
Limerick,Master Chefs Classic Handicap Hurdle,15:00:00,Lenjoleur De Palma (FR),2.5,1
Limerick,Master Chefs Classic Handicap Hurdle,15:00:00,Arthur's Victory,2.5,1
Limerick,Master Chefs Classic Handicap Hurdle,15:00:00,St Denis's Well,2.5,1
Limerick,Master Chefs Classic Handicap Hurdle,15:00:00,NO NAME,2.5,1
Limerick,Master Chefs Classic Handicap Hurdle,15:00:00,NO NAME,2.5,1
Limerick,Master Chefs Classic Handicap Hurdle,15:00:00,NO NAME,2.5,1
Limerick,Master Chefs Classic Handicap Hurdle,15:00:00,NO NAME,2.5,1
Limerick,Master Chefs Classic Handicap Hurdle,15:00:00,NO NAME,2.5,1
Limerick,Master Chefs Classic Handicap Hurdle,15:00:00,NO NAME,2.5,1
Limerick,Master Chefs Classic Handicap Hurdle,15:00:00,NO NAME,2.5,1
Limerick,Master Chefs Classic Handicap Hurdle,15:00:00,NO NAME,2.5,1
Limerick,Master Chefs Classic Handicap Hurdle,15:00:00,Yosemite Gold (GB),2.5,1
Limerick,Master Chefs Classic Handicap Hurdle,15:00:00,Quint Major (IRE),2.5,1
Limerick,Master Chefs Classic Handicap Hurdle,15:00:00,Pahlavi (IRE),2.5,1
Limerick,Master Chefs Classic Handicap Hurdle,15:00:00,Weston (GER),2.5,1
Limerick,Master Chefs Classic Handicap Hurdle,15:00:00,Farrokh (FR),2.5,1
Limerick,Master Chefs Classic Handicap Hurdle,15:00:00,Synchronize (IRE),2.5,1
Limerick,Master Chefs Classic Handicap Hurdle,15:00:00,Footstepstoglory (IRE),2.5,1
Limerick,Master Chefs Classic Handicap Hurdle,15:00:00,St Denis's Well,2.5,1
Limerick,Master Chefs Classic Handicap Hurdle,15:00:00,Matt Connor (IRE),2.52,21
Limerick,Master Chefs Classic Handicap Hurdle,15:00:00,NO NAME,2.52,21
Ascot,Qipco Champion Stakes (Group 1),15:05:00,Ombudsman (IRE),2.92,1
Ascot,Qipco Champion Stakes (Group 1),15:05:00,NO NAME,2.92,1
Ascot,Qipco Champion Stakes (Group 1),15:05:00,NO NAME,4,3
Ascot,Qipco Champion Stakes (Group 1),15:05:00,Calandagan (IRE),4,3
Ascot,Qipco Champion Stakes (Group 1),15:05:00,NO NAME,5.6,5
Ascot,Qipco Champion Stakes (Group 1),15:05:00,Delacroix (IRE),5.6,5
Ascot,Qipco Champion Stakes (Group 1),15:05:00,NO NAME,14.5,7
Ascot,Qipco Champion Stakes (Group 1),15:05:00,Economics (GB),14.5,7
Ascot,Qipco Champion Stakes (Group 1),15:05:00,Almeric (GB),17,9
Ascot,Qipco Champion Stakes (Group 1),15:05:00,NO NAME,17,9
Ascot,Qipco Champion Stakes (Group 1),15:05:00,NO NAME,22,11
Ascot,Qipco Champion Stakes (Group 1),15:05:00,Almaqam (GB),22,11
Ascot,Qipco Champion Stakes (Group 1),15:05:00,Fox Legacy (GB),26,13
Ascot,Qipco Champion Stakes (Group 1),15:05:00,NO NAME,26,13
Ascot,Qipco Champion Stakes (Group 1),15:05:00,NO NAME,29,15
Ascot,Qipco Champion Stakes (Group 1),15:05:00,First Look (FR),29,15
Ascot,Qipco Champion Stakes (Group 1),15:05:00,Devil's Advocate,130,17
Ascot,Qipco Champion Stakes (Group 1),15:05:00,Devil's Advocate,130,17
Ascot,Qipco Champion Stakes (Group 1),15:05:00,Mount Kilimanjaro (FR),190,19
Ascot,Qipco Champion Stakes (Group 1),15:05:00,NO NAME,190,19
Ascot,Qipco Champion Stakes (Group 1),15:05:00,NO NAME,190,19
Ascot,Qipco Champion Stakes (Group 1),15:05:00,Prague (IRE),190,19
Newton Abbot,Remembering Len & Pam Cartwright Handicap Hurdle,15:15:00,Stinginhisstep (GB),3.2,1
Newton Abbot,Remembering Len & Pam Cartwright Handicap Hurdle,15:15:00,NO NAME,3.2,1
Newton Abbot,Remembering Len & Pam Cartwright Handicap Hurdle,15:15:00,Despereaux (FR),3.2,1
Newton Abbot,Remembering Len & Pam Cartwright Handicap Hurdle,15:15:00,NO NAME,3.2,1
Newton Abbot,Remembering Len & Pam Cartwright Handicap Hurdle,15:15:00,NO NAME,4,5
Newton Abbot,Remembering Len & Pam Cartwright Handicap Hurdle,15:15:00,Coconut Twist (IRE),4,5
Newton Abbot,Remembering Len & Pam Cartwright Handicap Hurdle,15:15:00,Diplomatie (FR),5.1,7
Newton Abbot,Remembering Len & Pam Cartwright Handicap Hurdle,15:15:00,NO NAME,5.1,7
Newton Abbot,Remembering Len & Pam Cartwright Handicap Hurdle,15:15:00,NO NAME,5.1,7
Newton Abbot,Remembering Len & Pam Cartwright Handicap Hurdle,15:15:00,Striking A Pose (IRE),5.1,7
Newton Abbot,Remembering Len & Pam Cartwright Handicap Hurdle,15:15:00,Busy Being Busy (IRE),5.6,11
Newton Abbot,Remembering Len & Pam Cartwright Handicap Hurdle,15:15:00,NO NAME,5.6,11
Newton Abbot,Remembering Len & Pam Cartwright Handicap Hurdle,15:15:00,El Capitaine (IRE),8,13
Newton Abbot,Remembering Len & Pam Cartwright Handicap Hurdle,15:15:00,NO NAME,8,13
Newton Abbot,Remembering Len & Pam Cartwright Handicap Hurdle,15:15:00,Elusiveness (IRE),8,13
Newton Abbot,Remembering Len & Pam Cartwright Handicap Hurdle,15:15:00,NO NAME,8,13
Newton Abbot,Remembering Len & Pam Cartwright Handicap Hurdle,15:15:00,Al Sayah (GB),9.4,17
Newton Abbot,Remembering Len & Pam Cartwright Handicap Hurdle,15:15:00,NO NAME,9.4,17
Newton Abbot,Remembering Len & Pam Cartwright Handicap Hurdle,15:15:00,NO NAME,9.6,19
Newton Abbot,Remembering Len & Pam Cartwright Handicap Hurdle,15:15:00,Moorland Rambler (GB),9.6,19
Leopardstown,Killavullan Stakes (Group 3),15:20:00,NO NAME,2.1,1
Leopardstown,Killavullan Stakes (Group 3),15:20:00,NO NAME,2.1,1
Leopardstown,Killavullan Stakes (Group 3),15:20:00,NO NAME,2.1,1
Leopardstown,Killavullan Stakes (Group 3),15:20:00,Yaupon De Replay (USA),2.1,1
Leopardstown,Killavullan Stakes (Group 3),15:20:00,NO NAME,2.1,1
Leopardstown,Killavullan Stakes (Group 3),15:20:00,Spangled Sands (IRE),2.1,1
Leopardstown,Killavullan Stakes (Group 3),15:20:00,Daytona (IRE),2.1,1
Leopardstown,Killavullan Stakes (Group 3),15:20:00,Dorset (IRE),2.1,1
Leopardstown,Killavullan Stakes (Group 3),15:20:00,Mumhan (IRE),2.1,1
Leopardstown,Killavullan Stakes (Group 3),15:20:00,NO NAME,2.1,1
Stratford,Stephen John Thombs Memorial Handicap Chase,15:25:00,Outback Frontiers (IRE),1.9,1
Stratford,Stephen John Thombs Memorial Handicap Chase,15:25:00,NO NAME,1.9,1
Stratford,Stephen John Thombs Memorial Handicap Chase,15:25:00,NO NAME,1.9,1
Stratford,Stephen John Thombs Memorial Handicap Chase,15:25:00,Invictus Allen (FR),1.9,1
Stratford,Stephen John Thombs Memorial Handicap Chase,15:25:00,NO NAME,1.9,1
Stratford,Stephen John Thombs Memorial Handicap Chase,15:25:00,Annie Nail (IRE),1.9,1
Stratford,Stephen John Thombs Memorial Handicap Chase,15:25:00,Bahtiyar (FR),1.91,7
Stratford,Stephen John Thombs Memorial Handicap Chase,15:25:00,NO NAME,1.91,7
Stratford,Stephen John Thombs Memorial Handicap Chase,15:25:00,NO NAME,2.44,9
Stratford,Stephen John Thombs Memorial Handicap Chase,15:25:00,Tedwin Hills (IRE),2.44,9
Stratford,Stephen John Thombs Memorial Handicap Chase,15:25:00,NO NAME,2.52,11
Stratford,Stephen John Thombs Memorial Handicap Chase,15:25:00,Yorgunnabeplucky (GB),2.52,11
Stratford,Stephen John Thombs Memorial Handicap Chase,15:25:00,Jobesgreen Lad (GB),26,13
Stratford,Stephen John Thombs Memorial Handicap Chase,15:25:00,NO NAME,26,13
,At The Races App Expert Tips Handicap,15:29:00,NO NAME,3.5,1
,At The Races App Expert Tips Handicap,15:29:00,NO NAME,3.5,1
,At The Races App Expert Tips Handicap,15:29:00,NO NAME,3.5,1
,At The Races App Expert Tips Handicap,15:29:00,NO NAME,3.5,1
,At The Races App Expert Tips Handicap,15:29:00,Probe (GB),3.5,1
,At The Races App Expert Tips Handicap,15:29:00,Regal Envoy (IRE),3.5,1
,At The Races App Expert Tips Handicap,15:29:00,Marty Hopkirk (IRE),3.5,1
,At The Races App Expert Tips Handicap,15:29:00,Atomic Force (IRE),3.5,1
,At The Races App Expert Tips Handicap,15:29:00,Wicket Keeper (IRE),3.5,1
,At The Races App Expert Tips Handicap,15:29:00,Brooklyn Nine Nine (IRE),3.5,1
,At The Races App Expert Tips Handicap,15:29:00,NO NAME,3.5,1
,At The Races App Expert Tips Handicap,15:29:00,Super Saiyan (IRE),3.5,1
,At The Races App Expert Tips Handicap,15:29:00,Papa Cocktail (IRE),3.5,1
,At The Races App Expert Tips Handicap,15:29:00,NO NAME,3.5,1
,At The Races App Expert Tips Handicap,15:29:00,Coul Angel (IRE),3.5,1
,At The Races App Expert Tips Handicap,15:29:00,NO NAME,3.5,1
,At The Races App Expert Tips Handicap,15:29:00,Almarada Prince (IRE),3.5,1
,At The Races App Expert Tips Handicap,15:29:00,Miraculous (IRE),3.5,1
,At The Races App Expert Tips Handicap,15:29:00,Queue Dos (GB),3.5,1
,At The Races App Expert Tips Handicap,15:29:00,NO NAME,3.5,1
,At The Races App Expert Tips Handicap,15:29:00,Fair Wind (GB),3.5,1
,At The Races App Expert Tips Handicap,15:29:00,NO NAME,3.5,1
,At The Races App Expert Tips Handicap,15:29:00,NO NAME,3.5,1
,At The Races App Expert Tips Handicap,15:29:00,NO NAME,3.5,1
,At The Races App Expert Tips Handicap,15:29:00,NO NAME,3.5,1
,At The Races App Expert Tips Handicap,15:29:00,NO NAME,3.5,1
Limerick,Master Chefs Golden Vale Cup Handicap Hurdle (0-100),15:30:00,NO NAME,1.03,1
Limerick,Master Chefs Golden Vale Cup Handicap Hurdle (0-100),15:30:00,NO NAME,1.03,1
Limerick,Master Chefs Golden Vale Cup Handicap Hurdle (0-100),15:30:00,NO NAME,1.03,1
Limerick,Master Chefs Golden Vale Cup Handicap Hurdle (0-100),15:30:00,Rhythmic Tune,1.03,1
Limerick,Master Chefs Golden Vale Cup Handicap Hurdle (0-100),15:30:00,The Holmeister (IRE),1.03,1
Limerick,Master Chefs Golden Vale Cup Handicap Hurdle (0-100),15:30:00,Ballerina Boxer (IRE),1.03,1
Limerick,Master Chefs Golden Vale Cup Handicap Hurdle (0-100),15:30:00,Annalough (IRE),1.03,1
Limerick,Master Chefs Golden Vale Cup Handicap Hurdle (0-100),15:30:00,Scottish Dancer (IRE),1.03,1
Limerick,Master Chefs Golden Vale Cup Handicap Hurdle (0-100),15:30:00,Wild Mandate (IRE),1.03,1
Limerick,Master Chefs Golden Vale Cup Handicap Hurdle (0-100),15:30:00,NO NAME,1.03,1
Limerick,Master Chefs Golden Vale Cup Handicap Hurdle (0-100),15:30:00,NO NAME,1.03,1
Limerick,Master Chefs Golden Vale Cup Handicap Hurdle (0-100),15:30:00,NO NAME,1.03,1
Limerick,Master Chefs Golden Vale Cup Handicap Hurdle (0-100),15:30:00,NO NAME,1.03,1
Limerick,Master Chefs Golden Vale Cup Handicap Hurdle (0-100),15:30:00,NO NAME,1.03,1
Limerick,Master Chefs Golden Vale Cup Handicap Hurdle (0-100),15:30:00,NO NAME,1.03,1
Limerick,Master Chefs Golden Vale Cup Handicap Hurdle (0-100),15:30:00,NO NAME,1.03,1
Limerick,Master Chefs Golden Vale Cup Handicap Hurdle (0-100),15:30:00,NO NAME,1.03,1
Limerick,Master Chefs Golden Vale Cup Handicap Hurdle (0-100),15:30:00,NO NAME,1.03,1
Limerick,Master Chefs Golden Vale Cup Handicap Hurdle (0-100),15:30:00,NO NAME,1.03,1
Limerick,Master Chefs Golden Vale Cup Handicap Hurdle (0-100),15:30:00,NO NAME,1.03,1
Limerick,Master Chefs Golden Vale Cup Handicap Hurdle (0-100),15:30:00,NO NAME,1.03,1
Limerick,Master Chefs Golden Vale Cup Handicap Hurdle (0-100),15:30:00,NO NAME,1.03,1
Limerick,Master Chefs Golden Vale Cup Handicap Hurdle (0-100),15:30:00,NO NAME,1.03,1
Limerick,Master Chefs Golden Vale Cup Handicap Hurdle (0-100),15:30:00,NO NAME,1.03,1
Limerick,Master Chefs Golden Vale Cup Handicap Hurdle (0-100),15:30:00,NO NAME,1.03,1
Limerick,Master Chefs Golden Vale Cup Handicap Hurdle (0-100),15:30:00,Tennesse Boy (IRE),1.03,1
Limerick,Master Chefs Golden Vale Cup Handicap Hurdle (0-100),15:30:00,Whitewinewednesday (IRE),1.03,1
Limerick,Master Chefs Golden Vale Cup Handicap Hurdle (0-100),15:30:00,Hurricane Honey (IRE),1.03,1
Limerick,Master Chefs Golden Vale Cup Handicap Hurdle (0-100),15:30:00,Younowhatimean (IRE),1.03,1
Limerick,Master Chefs Golden Vale Cup Handicap Hurdle (0-100),15:30:00,Mr Erwitt (IRE),1.03,1
Limerick,Master Chefs Golden Vale Cup Handicap Hurdle (0-100),15:30:00,He Might Be Lucky (IRE),1.03,1
Limerick,Master Chefs Golden Vale Cup Handicap Hurdle (0-100),15:30:00,Blossom De Mai (FR),1.03,1
Limerick,Master Chefs Golden Vale Cup Handicap Hurdle (0-100),15:30:00,Betty Dutton (IRE),1.03,1
Limerick,Master Chefs Golden Vale Cup Handicap Hurdle (0-100),15:30:00,Hay Baby (IRE),1.03,1
Limerick,Master Chefs Golden Vale Cup Handicap Hurdle (0-100),15:30:00,The Sugarhill Lady (IRE),1.03,1
Limerick,Master Chefs Golden Vale Cup Handicap Hurdle (0-100),15:30:00,Lummi Island (IRE),1.03,1
Limerick,Master Chefs Golden Vale Cup Handicap Hurdle (0-100),15:30:00,Moulane West (IRE),1.03,1
Limerick,Master Chefs Golden Vale Cup Handicap Hurdle (0-100),15:30:00,Inchidaly Copper (IRE),1.03,1
Limerick,Master Chefs Golden Vale Cup Handicap Hurdle (0-100),15:30:00,Gaelic Des Chastys (FR),1.03,1
Limerick,Master Chefs Golden Vale Cup Handicap Hurdle (0-100),15:30:00,Rhythmic Tune,1.03,1
Limerick,Master Chefs Golden Vale Cup Handicap Hurdle (0-100),15:30:00,Kilkee Bay (IRE),1.04,41
Limerick,Master Chefs Golden Vale Cup Handicap Hurdle (0-100),15:30:00,NO NAME,1.04,41
Ascot,Balmoral Handicap (Sponsored By Qipco) (Str),15:40:00,Native Warrior (GB),6.8,1
Ascot,Balmoral Handicap (Sponsored By Qipco) (Str),15:40:00,NO NAME,6.8,1
Ascot,Balmoral Handicap (Sponsored By Qipco) (Str),15:40:00,Shout (IRE),7.2,3
Ascot,Balmoral Handicap (Sponsored By Qipco) (Str),15:40:00,NO NAME,7.2,3
Ascot,Balmoral Handicap (Sponsored By Qipco) (Str),15:40:00,NO NAME,7.4,5
Ascot,Balmoral Handicap (Sponsored By Qipco) (Str),15:40:00,Crown Of Oaks (GB),7.4,5
Ascot,Balmoral Handicap (Sponsored By Qipco) (Str),15:40:00,Cerulean Bay (IRE),15.5,7
Ascot,Balmoral Handicap (Sponsored By Qipco) (Str),15:40:00,NO NAME,15.5,7
Ascot,Balmoral Handicap (Sponsored By Qipco) (Str),15:40:00,Fifth Column (USA),16,9
Ascot,Balmoral Handicap (Sponsored By Qipco) (Str),15:40:00,NO NAME,16,9
Ascot,Balmoral Handicap (Sponsored By Qipco) (Str),15:40:00,Arisaig (GB),18.5,11
Ascot,Balmoral Handicap (Sponsored By Qipco) (Str),15:40:00,NO NAME,18.5,11
Ascot,Balmoral Handicap (Sponsored By Qipco) (Str),15:40:00,Holloway Boy (GB),19,13
Ascot,Balmoral Handicap (Sponsored By Qipco) (Str),15:40:00,NO NAME,19,13
Ascot,Balmoral Handicap (Sponsored By Qipco) (Str),15:40:00,Greek Order (GB),20,15
Ascot,Balmoral Handicap (Sponsored By Qipco) (Str),15:40:00,Ebt's Guard,20,15
Ascot,Balmoral Handicap (Sponsored By Qipco) (Str),15:40:00,Ebt's Guard,20,15
Ascot,Balmoral Handicap (Sponsored By Qipco) (Str),15:40:00,NO NAME,20,15
Ascot,Balmoral Handicap (Sponsored By Qipco) (Str),15:40:00,NO NAME,23,19
Ascot,Balmoral Handicap (Sponsored By Qipco) (Str),15:40:00,Great Acclaim (GB),23,19
Ascot,Balmoral Handicap (Sponsored By Qipco) (Str),15:40:00,Oliver Show (IRE),28,21
Ascot,Balmoral Handicap (Sponsored By Qipco) (Str),15:40:00,NO NAME,28,21
Ascot,Balmoral Handicap (Sponsored By Qipco) (Str),15:40:00,NO NAME,29,23
Ascot,Balmoral Handicap (Sponsored By Qipco) (Str),15:40:00,Godwinson (GB),29,23
Ascot,Balmoral Handicap (Sponsored By Qipco) (Str),15:40:00,Bopedro (FR),29,23
Ascot,Balmoral Handicap (Sponsored By Qipco) (Str),15:40:00,NO NAME,29,23
Ascot,Balmoral Handicap (Sponsored By Qipco) (Str),15:40:00,NO NAME,32,27
Ascot,Balmoral Handicap (Sponsored By Qipco) (Str),15:40:00,Tribal Chief (FR),32,27
Ascot,Balmoral Handicap (Sponsored By Qipco) (Str),15:40:00,Orandi (FR),36,29
Ascot,Balmoral Handicap (Sponsored By Qipco) (Str),15:40:00,NO NAME,36,29
Ascot,Balmoral Handicap (Sponsored By Qipco) (Str),15:40:00,NO NAME,40,31
Ascot,Balmoral Handicap (Sponsored By Qipco) (Str),15:40:00,Bobby Bennu (IRE),40,31
Ascot,Balmoral Handicap (Sponsored By Qipco) (Str),15:40:00,NO NAME,42,33
Ascot,Balmoral Handicap (Sponsored By Qipco) (Str),15:40:00,Witch Hunter (FR),42,33
Ascot,Balmoral Handicap (Sponsored By Qipco) (Str),15:40:00,Hafeet Alain (IRE),50,35
Ascot,Balmoral Handicap (Sponsored By Qipco) (Str),15:40:00,NO NAME,50,35
Ascot,Balmoral Handicap (Sponsored By Qipco) (Str),15:40:00,NO NAME,50,35
Ascot,Balmoral Handicap (Sponsored By Qipco) (Str),15:40:00,Theoryofeverything (GB),50,35
Ascot,Balmoral Handicap (Sponsored By Qipco) (Str),15:40:00,NO NAME,100,39
Ascot,Balmoral Handicap (Sponsored By Qipco) (Str),15:40:00,Golden Mind (IRE),100,39
Leopardstown,Irish Stallion Farms EBF (C & G) Maiden,15:50:00,NO NAME,1.1,1
Leopardstown,Irish Stallion Farms EBF (C & G) Maiden,15:50:00,Karrygrant,1.1,1
Leopardstown,Irish Stallion Farms EBF (C & G) Maiden,15:50:00,NO NAME,1.1,1
Leopardstown,Irish Stallion Farms EBF (C & G) Maiden,15:50:00,NO NAME,1.1,1
Leopardstown,Irish Stallion Farms EBF (C & G) Maiden,15:50:00,NO NAME,1.1,1
Leopardstown,Irish Stallion Farms EBF (C & G) Maiden,15:50:00,NO NAME,1.1,1
Leopardstown,Irish Stallion Farms EBF (C & G) Maiden,15:50:00,NO NAME,1.1,1
Leopardstown,Irish Stallion Farms EBF (C & G) Maiden,15:50:00,Zenford,1.1,1
Leopardstown,Irish Stallion Farms EBF (C & G) Maiden,15:50:00,Elm Creek (IRE),1.1,1
Leopardstown,Irish Stallion Farms EBF (C & G) Maiden,15:50:00,Karrygrant,1.1,1
Leopardstown,Irish Stallion Farms EBF (C & G) Maiden,15:50:00,Now Maybe (IRE),1.1,1
Leopardstown,Irish Stallion Farms EBF (C & G) Maiden,15:50:00,Dawson Street (IRE),1.1,1
Leopardstown,Irish Stallion Farms EBF (C & G) Maiden,15:50:00,Never Ever (IRE),1.1,1
Leopardstown,Irish Stallion Farms EBF (C & G) Maiden,15:50:00,Circle Of Life (IRE),1.1,1
Leopardstown,Irish Stallion Farms EBF (C & G) Maiden,15:50:00,Venturing (IRE),1.1,1
Leopardstown,Irish Stallion Farms EBF (C & G) Maiden,15:50:00,Unauthorized (GB),1.1,1
Leopardstown,Irish Stallion Farms EBF (C & G) Maiden,15:50:00,NO NAME,1.1,1
Leopardstown,Irish Stallion Farms EBF (C & G) Maiden,15:50:00,Zenford,1.1,1
Leopardstown,Irish Stallion Farms EBF (C & G) Maiden,15:50:00,Druids Glen,2.1,19
Leopardstown,Irish Stallion Farms EBF (C & G) Maiden,15:50:00,Druids Glen,2.1,19
Newton Abbot,Paul Ferguson's Jumpers To Follow Intermediate Chase (GBB Race),15:55:00,Blueking D'oroux,1.45,1
Newton Abbot,Paul Ferguson's Jumpers To Follow Intermediate Chase (GBB Race),15:55:00,Blueking D'oroux,1.45,1
Newton Abbot,Paul Ferguson's Jumpers To Follow Intermediate Chase (GBB Race),15:55:00,Lookaway (IRE),5.7,3
Newton Abbot,Paul Ferguson's Jumpers To Follow Intermediate Chase (GBB Race),15:55:00,NO NAME,5.7,3
Newton Abbot,Paul Ferguson's Jumpers To Follow Intermediate Chase (GBB Race),15:55:00,NO NAME,7,5
Newton Abbot,Paul Ferguson's Jumpers To Follow Intermediate Chase (GBB Race),15:55:00,Riskintheground (IRE),7,5
Newton Abbot,Paul Ferguson's Jumpers To Follow Intermediate Chase (GBB Race),15:55:00,Theformismighty (GB),16,7
Newton Abbot,Paul Ferguson's Jumpers To Follow Intermediate Chase (GBB Race),15:55:00,NO NAME,16,7
Newton Abbot,Paul Ferguson's Jumpers To Follow Intermediate Chase (GBB Race),15:55:00,Gyenyame (GB),19,9
Newton Abbot,Paul Ferguson's Jumpers To Follow Intermediate Chase (GBB Race),15:55:00,NO NAME,19,9
,Arc All-Weather 1MILLION Bonus Returns Handicap,15:59:00,NO NAME,1.1,1
,Arc All-Weather 1MILLION Bonus Returns Handicap,15:59:00,Juniper's Dream,1.1,1
,Arc All-Weather 1MILLION Bonus Returns Handicap,15:59:00,Watermelon Sugar (IRE),1.1,1
,Arc All-Weather 1MILLION Bonus Returns Handicap,15:59:00,Initial Blue (IRE),1.1,1
,Arc All-Weather 1MILLION Bonus Returns Handicap,15:59:00,Ten Club (IRE),1.1,1
,Arc All-Weather 1MILLION Bonus Returns Handicap,15:59:00,Saffredi (GB),1.1,1
,Arc All-Weather 1MILLION Bonus Returns Handicap,15:59:00,Secret Road (IRE),1.1,1
,Arc All-Weather 1MILLION Bonus Returns Handicap,15:59:00,Nordic Glory (IRE),1.1,1
,Arc All-Weather 1MILLION Bonus Returns Handicap,15:59:00,How's The Guvnor,1.1,1
,Arc All-Weather 1MILLION Bonus Returns Handicap,15:59:00,Amerjeet (GB),1.1,1
,Arc All-Weather 1MILLION Bonus Returns Handicap,15:59:00,Massimo Blue (GB),1.1,1
,Arc All-Weather 1MILLION Bonus Returns Handicap,15:59:00,NO NAME,1.1,1
,Arc All-Weather 1MILLION Bonus Returns Handicap,15:59:00,Dolly's Delight,1.1,1
,Arc All-Weather 1MILLION Bonus Returns Handicap,15:59:00,Dolly's Delight,1.1,1
,Arc All-Weather 1MILLION Bonus Returns Handicap,15:59:00,Juniper's Dream,1.1,1
,Arc All-Weather 1MILLION Bonus Returns Handicap,15:59:00,NO NAME,1.1,1
,Arc All-Weather 1MILLION Bonus Returns Handicap,15:59:00,NO NAME,1.1,1
,Arc All-Weather 1MILLION Bonus Returns Handicap,15:59:00,NO NAME,1.1,1
,Arc All-Weather 1MILLION Bonus Returns Handicap,15:59:00,NO NAME,1.1,1
,Arc All-Weather 1MILLION Bonus Returns Handicap,15:59:00,NO NAME,1.1,1
,Arc All-Weather 1MILLION Bonus Returns Handicap,15:59:00,How's The Guvnor,1.1,1
,Arc All-Weather 1MILLION Bonus Returns Handicap,15:59:00,NO NAME,1.1,1
,Arc All-Weather 1MILLION Bonus Returns Handicap,15:59:00,NO NAME,2.54,23
,Arc All-Weather 1MILLION Bonus Returns Handicap,15:59:00,Bella Love (IRE),2.54,23
,Arc All-Weather 1MILLION Bonus Returns Handicap,15:59:00,Sam's Hope,6.2,25
,Arc All-Weather 1MILLION Bonus Returns Handicap,15:59:00,Sam's Hope,6.2,25
Limerick,Irish Stallion Farms EBF Mares (Pro/Am) Flat Race,16:00:00,NO NAME,1.03,1
Limerick,Irish Stallion Farms EBF Mares (Pro/Am) Flat Race,16:00:00,NO NAME,1.03,1
Limerick,Irish Stallion Farms EBF Mares (Pro/Am) Flat Race,16:00:00,Amina (GER),1.03,1
Limerick,Irish Stallion Farms EBF Mares (Pro/Am) Flat Race,16:00:00,Samba Train (IRE),1.03,1
Limerick,Irish Stallion Farms EBF Mares (Pro/Am) Flat Race,16:00:00,Ill Raise A Glass (IRE),1.03,1
Limerick,Irish Stallion Farms EBF Mares (Pro/Am) Flat Race,16:00:00,Lily Marlene,1.03,1
Limerick,Irish Stallion Farms EBF Mares (Pro/Am) Flat Race,16:00:00,Lily Marlene,1.03,1
Limerick,Irish Stallion Farms EBF Mares (Pro/Am) Flat Race,16:00:00,Alaskan View (IRE),1.03,1
Limerick,Irish Stallion Farms EBF Mares (Pro/Am) Flat Race,16:00:00,NO NAME,1.03,1
Limerick,Irish Stallion Farms EBF Mares (Pro/Am) Flat Race,16:00:00,NO NAME,1.03,1
Limerick,Irish Stallion Farms EBF Mares (Pro/Am) Flat Race,16:00:00,NO NAME,1.03,1
Limerick,Irish Stallion Farms EBF Mares (Pro/Am) Flat Race,16:00:00,Voladora Nora (IRE),1.03,1
Limerick,Irish Stallion Farms EBF Mares (Pro/Am) Flat Race,16:00:00,Tumbling In (IRE),3.1,13
Limerick,Irish Stallion Farms EBF Mares (Pro/Am) Flat Race,16:00:00,NO NAME,3.1,13
Leopardstown,Irish Stallion Farms EBF Nursery Handicap,16:20:00,Nod Of Approval (IRE),1.1,1
Leopardstown,Irish Stallion Farms EBF Nursery Handicap,16:20:00,Invincible Will (IRE),1.1,1
Leopardstown,Irish Stallion Farms EBF Nursery Handicap,16:20:00,NO NAME,1.1,1
Leopardstown,Irish Stallion Farms EBF Nursery Handicap,16:20:00,Clarity Of Thought (GB),1.1,1
Leopardstown,Irish Stallion Farms EBF Nursery Handicap,16:20:00,Estoublon (IRE),1.1,1
Leopardstown,Irish Stallion Farms EBF Nursery Handicap,16:20:00,NO NAME,1.1,1
Leopardstown,Irish Stallion Farms EBF Nursery Handicap,16:20:00,Carwyn (IRE),1.1,1
Leopardstown,Irish Stallion Farms EBF Nursery Handicap,16:20:00,NO NAME,1.1,1
Leopardstown,Irish Stallion Farms EBF Nursery Handicap,16:20:00,Cherry Hill Girl (IRE),1.1,1
Leopardstown,Irish Stallion Farms EBF Nursery Handicap,16:20:00,NO NAME,1.1,1
Leopardstown,Irish Stallion Farms EBF Nursery Handicap,16:20:00,NO NAME,1.1,1
Leopardstown,Irish Stallion Farms EBF Nursery Handicap,16:20:00,NO NAME,1.1,1
Leopardstown,Irish Stallion Farms EBF Nursery Handicap,16:20:00,NO NAME,1.1,1
Leopardstown,Irish Stallion Farms EBF Nursery Handicap,16:20:00,NO NAME,1.1,1
Leopardstown,Irish Stallion Farms EBF Nursery Handicap,16:20:00,NO NAME,1.1,1
Leopardstown,Irish Stallion Farms EBF Nursery Handicap,16:20:00,NO NAME,1.1,1
Leopardstown,Irish Stallion Farms EBF Nursery Handicap,16:20:00,NO NAME,1.1,1
Leopardstown,Irish Stallion Farms EBF Nursery Handicap,16:20:00,NO NAME,1.1,1
Leopardstown,Irish Stallion Farms EBF Nursery Handicap,16:20:00,Time Bender (IRE),1.1,1
Leopardstown,Irish Stallion Farms EBF Nursery Handicap,16:20:00,River Ara (IRE),1.1,1
Leopardstown,Irish Stallion Farms EBF Nursery Handicap,16:20:00,Empty Wallet (IRE),1.1,1
Leopardstown,Irish Stallion Farms EBF Nursery Handicap,16:20:00,Iamimmaculate (IRE),1.1,1
Leopardstown,Irish Stallion Farms EBF Nursery Handicap,16:20:00,Hamiyan (FR),1.1,1
Leopardstown,Irish Stallion Farms EBF Nursery Handicap,16:20:00,Bellamano (IRE),1.1,1
Newton Abbot,Torbay Weekly Handicap Chase (GBB Race),16:25:00,Haas Boy (FR),1.1,1
Newton Abbot,Torbay Weekly Handicap Chase (GBB Race),16:25:00,Jaitroplaclasse (FR),1.1,1
Newton Abbot,Torbay Weekly Handicap Chase (GBB Race),16:25:00,Authoceltic (FR),1.1,1
Newton Abbot,Torbay Weekly Handicap Chase (GBB Race),16:25:00,NO NAME,1.1,1
Newton Abbot,Torbay Weekly Handicap Chase (GBB Race),16:25:00,NO NAME,1.1,1
Newton Abbot,Torbay Weekly Handicap Chase (GBB Race),16:25:00,NO NAME,1.1,1
Newton Abbot,Torbay Weekly Handicap Chase (GBB Race),16:25:00,Siam Park (IRE),2.82,7
Newton Abbot,Torbay Weekly Handicap Chase (GBB Race),16:25:00,NO NAME,2.82,7
Newton Abbot,Torbay Weekly Handicap Chase (GBB Race),16:25:00,NO NAME,4,9
Newton Abbot,Torbay Weekly Handicap Chase (GBB Race),16:25:00,Nordic Tiger (FR),4,9
,Download The Raceday Ready App Selling Stakes,16:30:00,NO NAME,1.1,1
,Download The Raceday Ready App Selling Stakes,16:30:00,NO NAME,1.1,1
,Download The Raceday Ready App Selling Stakes,16:30:00,NO NAME,1.1,1
,Download The Raceday Ready App Selling Stakes,16:30:00,Bystander (IRE),1.1,1
,Download The Raceday Ready App Selling Stakes,16:30:00,Dosman (GB),1.1,1
,Download The Raceday Ready App Selling Stakes,16:30:00,Big Sip (GB),1.1,1
,Download The Raceday Ready App Selling Stakes,16:30:00,Ocean Odyssey (IRE),1.11,7
,Download The Raceday Ready App Selling Stakes,16:30:00,NO NAME,1.11,7
,Download The Raceday Ready App Selling Stakes,16:30:00,Encourager (IRE),13,9
,Download The Raceday Ready App Selling Stakes,16:30:00,NO NAME,13,9
Newton Abbot,Jodie Standing's Point-To-Point Recruits Open NH Flat Race (GBB Race),16:55:00,Soldier Reeves,1.1,1
Newton Abbot,Jodie Standing's Point-To-Point Recruits Open NH Flat Race (GBB Race),16:55:00,Peaky Girl (GB),1.1,1
Newton Abbot,Jodie Standing's Point-To-Point Recruits Open NH Flat Race (GBB Race),16:55:00,Hobbson's Day,1.1,1
Newton Abbot,Jodie Standing's Point-To-Point Recruits Open NH Flat Race (GBB Race),16:55:00,Not Now,1.1,1
Newton Abbot,Jodie Standing's Point-To-Point Recruits Open NH Flat Race (GBB Race),16:55:00,Soldier Reeves,1.1,1
Newton Abbot,Jodie Standing's Point-To-Point Recruits Open NH Flat Race (GBB Race),16:55:00,Not Now,1.1,1
Newton Abbot,Jodie Standing's Point-To-Point Recruits Open NH Flat Race (GBB Race),16:55:00,NO NAME,1.1,1
Newton Abbot,Jodie Standing's Point-To-Point Recruits Open NH Flat Race (GBB Race),16:55:00,Hobbson's Day,1.1,1
Newton Abbot,Jodie Standing's Point-To-Point Recruits Open NH Flat Race (GBB Race),16:55:00,Great Dance,2,9
Newton Abbot,Jodie Standing's Point-To-Point Recruits Open NH Flat Race (GBB Race),16:55:00,Great Dance,2,9
,Sky Sports Racing Sky 415 Handicap (Div 1),17:00:00,NO NAME,1.1,1
,Sky Sports Racing Sky 415 Handicap (Div 1),17:00:00,NO NAME,1.1,1
,Sky Sports Racing Sky 415 Handicap (Div 1),17:00:00,NO NAME,1.1,1
,Sky Sports Racing Sky 415 Handicap (Div 1),17:00:00,NO NAME,1.1,1
,Sky Sports Racing Sky 415 Handicap (Div 1),17:00:00,Arth's Gold,1.1,1
,Sky Sports Racing Sky 415 Handicap (Div 1),17:00:00,NO NAME,1.1,1
,Sky Sports Racing Sky 415 Handicap (Div 1),17:00:00,NO NAME,1.1,1
,Sky Sports Racing Sky 415 Handicap (Div 1),17:00:00,NO NAME,1.1,1
,Sky Sports Racing Sky 415 Handicap (Div 1),17:00:00,Stipulation (IRE),1.1,1
,Sky Sports Racing Sky 415 Handicap (Div 1),17:00:00,Lazieelunch (GB),1.1,1
,Sky Sports Racing Sky 415 Handicap (Div 1),17:00:00,Bobacious (GB),1.1,1
,Sky Sports Racing Sky 415 Handicap (Div 1),17:00:00,Fihrayn (IRE),1.1,1
,Sky Sports Racing Sky 415 Handicap (Div 1),17:00:00,American State (IRE),1.1,1
,Sky Sports Racing Sky 415 Handicap (Div 1),17:00:00,Alpine Oasis (GB),1.1,1
,Sky Sports Racing Sky 415 Handicap (Div 1),17:00:00,Condotti (IRE),1.1,1
,Sky Sports Racing Sky 415 Handicap (Div 1),17:00:00,Arth's Gold,1.1,1
,Sky Sports Racing Sky 415 Handicap (Div 1),17:00:00,Imperial Trooper (IRE),1.1,1
,Sky Sports Racing Sky 415 Handicap (Div 1),17:00:00,NO NAME,1.1,1
,Sky Sports Racing Sky 415 Handicap (Div 1),17:00:00,King's Hand,2.08,19
,Sky Sports Racing Sky 415 Handicap (Div 1),17:00:00,King's Hand,2.08,19
,Sky Sports Racing Sky 415 Handicap (Div 2),17:30:00,Flaine (IRE),1.01,1
,Sky Sports Racing Sky 415 Handicap (Div 2),17:30:00,NO NAME,1.01,1
,Sky Sports Racing Sky 415 Handicap (Div 2),17:30:00,Camzara (IRE),1.01,1
,Sky Sports Racing Sky 415 Handicap (Div 2),17:30:00,NO NAME,1.01,1
,Sky Sports Racing Sky 415 Handicap (Div 2),17:30:00,Liberty Bird (GB),1.01,1
,Sky Sports Racing Sky 415 Handicap (Div 2),17:30:00,NO NAME,1.01,1
,Sky Sports Racing Sky 415 Handicap (Div 2),17:30:00,Coolree (IRE),1.02,7
,Sky Sports Racing Sky 415 Handicap (Div 2),17:30:00,Bint Al Daar (GB),1.02,7
,Sky Sports Racing Sky 415 Handicap (Div 2),17:30:00,NO NAME,1.02,7
,Sky Sports Racing Sky 415 Handicap (Div 2),17:30:00,NO NAME,1.02,7
,Sky Sports Racing Sky 415 Handicap (Div 2),17:30:00,NO NAME,1.09,11
,Sky Sports Racing Sky 415 Handicap (Div 2),17:30:00,Popeye Doyle (FR),1.09,11
,Sky Sports Racing Sky 415 Handicap (Div 2),17:30:00,NO NAME,4.6,13
,Sky Sports Racing Sky 415 Handicap (Div 2),17:30:00,Flightofthephoenix (IRE),4.6,13
,Sky Sports Racing Sky 415 Handicap (Div 2),17:30:00,Risen Again (FR),5.8,15
,Sky Sports Racing Sky 415 Handicap (Div 2),17:30:00,NO NAME,5.8,15
,Sky Sports Racing Sky 415 Handicap (Div 2),17:30:00,NO NAME,8.6,17
,Sky Sports Racing Sky 415 Handicap (Div 2),17:30:00,Shady Bay (IRE),8.6,17
,Genting Casino Wolverhampton Handicap,18:00:00,Bedford (GB),1.1,1
,Genting Casino Wolverhampton Handicap,18:00:00,Courageous Gold (IRE),1.1,1
,Genting Casino Wolverhampton Handicap,18:00:00,NO NAME,1.1,1
,Genting Casino Wolverhampton Handicap,18:00:00,Dancing Bay (IRE),1.1,1
,Genting Casino Wolverhampton Handicap,18:00:00,Star Of Jupiter (IRE),1.1,1
,Genting Casino Wolverhampton Handicap,18:00:00,Sneaky Blinder (FR),1.1,1
,Genting Casino Wolverhampton Handicap,18:00:00,Fashionelle (IRE),1.1,1
,Genting Casino Wolverhampton Handicap,18:00:00,NO NAME,1.1,1
,Genting Casino Wolverhampton Handicap,18:00:00,NO NAME,1.1,1
,Genting Casino Wolverhampton Handicap,18:00:00,NO NAME,1.1,1
,Genting Casino Wolverhampton Handicap,18:00:00,NO NAME,1.1,1
,Genting Casino Wolverhampton Handicap,18:00:00,NO NAME,1.1,1
,Genting Casino Wolverhampton Handicap,18:00:00,Forglen (GB),1.1,1
,Genting Casino Wolverhampton Handicap,18:00:00,NO NAME,1.1,1
,Genting Casino Wolverhampton Handicap,18:00:00,Witch Hazel (GB),1.11,15
,Genting Casino Wolverhampton Handicap,18:00:00,NO NAME,1.11,15
,Genting Casino Wolverhampton Handicap,18:00:00,NO NAME,3,17
,Genting Casino Wolverhampton Handicap,18:00:00,T Or Coffey (IRE),3,17
,Tips For Every Race At raceday-ready.com Handicap,18:30:00,NO NAME,1.1,1
,Tips For Every Race At raceday-ready.com Handicap,18:30:00,NO NAME,1.1,1
,Tips For Every Race At raceday-ready.com Handicap,18:30:00,Maris Angel (GB),1.1,1
,Tips For Every Race At raceday-ready.com Handicap,18:30:00,Woodhay Whisper (IRE),1.1,1
,Tips For Every Race At raceday-ready.com Handicap,18:30:00,NO NAME,1.1,1
,Tips For Every Race At raceday-ready.com Handicap,18:30:00,Lucky Man (IRE),1.1,1
,Tips For Every Race At raceday-ready.com Handicap,18:30:00,Level Up (IRE),1.1,1
,Tips For Every Race At raceday-ready.com Handicap,18:30:00,Good Point (GB),1.1,1
,Tips For Every Race At raceday-ready.com Handicap,18:30:00,Silky Robin (IRE),1.1,1
,Tips For Every Race At raceday-ready.com Handicap,18:30:00,NO NAME,1.1,1
,Tips For Every Race At raceday-ready.com Handicap,18:30:00,Invincible Crown (IRE),1.1,1
,Tips For Every Race At raceday-ready.com Handicap,18:30:00,NO NAME,1.1,1
,Tips For Every Race At raceday-ready.com Handicap,18:30:00,NO NAME,1.1,1
,Tips For Every Race At raceday-ready.com Handicap,18:30:00,NO NAME,1.1,1
,Arc 1MILLION Bonus Bigger Than Ever Handicap,19:00:00,NO NAME,1.1,1
,Arc 1MILLION Bonus Bigger Than Ever Handicap,19:00:00,NO NAME,1.1,1
,Arc 1MILLION Bonus Bigger Than Ever Handicap,19:00:00,NO NAME,1.1,1
,Arc 1MILLION Bonus Bigger Than Ever Handicap,19:00:00,NO NAME,1.1,1
,Arc 1MILLION Bonus Bigger Than Ever Handicap,19:00:00,NO NAME,1.1,1
,Arc 1MILLION Bonus Bigger Than Ever Handicap,19:00:00,NO NAME,1.1,1
,Arc 1MILLION Bonus Bigger Than Ever Handicap,19:00:00,NO NAME,1.1,1
,Arc 1MILLION Bonus Bigger Than Ever Handicap,19:00:00,NO NAME,1.1,1
,Arc 1MILLION Bonus Bigger Than Ever Handicap,19:00:00,Looks Fantastic (GB),1.1,1
,Arc 1MILLION Bonus Bigger Than Ever Handicap,19:00:00,Simply Blue (GB),1.1,1
,Arc 1MILLION Bonus Bigger Than Ever Handicap,19:00:00,Fulford Cross (GB),1.1,1
,Arc 1MILLION Bonus Bigger Than Ever Handicap,19:00:00,Maldevious (IRE),1.1,1
,Arc 1MILLION Bonus Bigger Than Ever Handicap,19:00:00,Highfield Sunshine (IRE),1.1,1
,Arc 1MILLION Bonus Bigger Than Ever Handicap,19:00:00,Me Tarzan (IRE),1.1,1
,Arc 1MILLION Bonus Bigger Than Ever Handicap,19:00:00,Duca Di Lucca (GB),1.1,1
,Arc 1MILLION Bonus Bigger Than Ever Handicap,19:00:00,Wadacre Maestro (GB),1.1,1
,Arc 1MILLION Bonus Bigger Than Ever Handicap,19:00:00,Moostar (GB),1.1,1
,Arc 1MILLION Bonus Bigger Than Ever Handicap,19:00:00,Star Of Mali (IRE),1.1,1
,Arc 1MILLION Bonus Bigger Than Ever Handicap,19:00:00,Summertime Blues (GB),1.1,1
,Arc 1MILLION Bonus Bigger Than Ever Handicap,19:00:00,NO NAME,1.1,1
,Arc 1MILLION Bonus Bigger Than Ever Handicap,19:00:00,NO NAME,1.1,1
,Arc 1MILLION Bonus Bigger Than Ever Handicap,19:00:00,NO NAME,1.1,1
,Get Raceday Ready Handicap,19:30:00,Little Saver (IRE),1.1,1
,Get Raceday Ready Handicap,19:30:00,Bintalina (GB),1.1,1
,Get Raceday Ready Handicap,19:30:00,NO NAME,1.1,1
,Get Raceday Ready Handicap,19:30:00,NO NAME,1.1,1
,Get Raceday Ready Handicap,19:30:00,NO NAME,1.1,1
,Get Raceday Ready Handicap,19:30:00,NO NAME,1.1,1
,Get Raceday Ready Handicap,19:30:00,NO NAME,1.1,1
,Get Raceday Ready Handicap,19:30:00,NO NAME,1.1,1
,Get Raceday Ready Handicap,19:30:00,NO NAME,1.1,1
,Get Raceday Ready Handicap,19:30:00,NO NAME,1.1,1
,Get Raceday Ready Handicap,19:30:00,NO NAME,1.1,1
,Get Raceday Ready Handicap,19:30:00,Scarlet Sunset (GB),1.1,1
,Get Raceday Ready Handicap,19:30:00,Desert Emperor (GB),1.1,1
,Get Raceday Ready Handicap,19:30:00,Raintown (IRE),1.1,1
,Get Raceday Ready Handicap,19:30:00,Is I Right (IRE),1.1,1
,Get Raceday Ready Handicap,19:30:00,Telepathic (IRE),1.1,1
,Get Raceday Ready Handicap,19:30:00,Cayman Dancer (GB),1.1,1
,Get Raceday Ready Handicap,19:30:00,Twilight Safari (GB),1.1,1
,Get Raceday Ready Handicap,19:30:00,Eupator (FR),6,19
,Get Raceday Ready Handicap,19:30:00,NO NAME,6,19
