course_name,race_name,off_time,horse_name,win_ppwap,trainer_name,rank
Catterick,Go Racing In Yorkshire Future Stars Apprentice Han,09:30:00,Bollin Neil (GB),3,T D Easterby,1
Catterick,Go Racing In Yorkshire Future Stars Apprentice Han,09:30:00,,3,T D Easterby,1
Catterick,Go Racing In Yorkshire Future Stars Apprentice Han,09:30:00,Kokinelli (FR),3.15,H Palmer,3
Catterick,Go Racing In Yorkshire Future Stars Apprentice Han,09:30:00,,3.15,H Palmer,3
Catterick,Go Racing In Yorkshire Future Stars Apprentice Han,09:30:00,,4.5,Harry Eustace,5
Catterick,Go Racing In Yorkshire Future Stars Apprentice Han,09:30:00,Trapper John (GB),4.5,Harry Eustace,5
Catterick,Go Racing In Yorkshire Future Stars Apprentice Han,09:30:00,,5.3,T D Easterby,7
Catterick,Go Racing In Yorkshire Future Stars Apprentice Han,09:30:00,Kitsune Power (IRE),5.3,T D Easterby,7
Catterick,Go Racing In Yorkshire Future Stars Apprentice Han,09:30:00,,6,M Todhunter,9
Catterick,Go Racing In Yorkshire Future Stars Apprentice Han,09:30:00,Arctic Fox (GB),6,M Todhunter,9
Catterick,Go Racing In Yorkshire Future Stars Apprentice Han,09:30:00,Wasthatok (GB),7,P A Kirby,11
Catterick,Go Racing In Yorkshire Future Stars Apprentice Han,09:30:00,,7,P A Kirby,11
Catterick,EBF 'Confined' Restricted Maiden Stakes (GBB Race),10:00:00,Sierra Sands (IRE),2.28,E A L Dunlop,1
Catterick,EBF 'Confined' Restricted Maiden Stakes (GBB Race),10:00:00,,2.28,E A L Dunlop,1
Catterick,EBF 'Confined' Restricted Maiden Stakes (GBB Race),10:00:00,Mystical Eye (GB),3.75,A M Balding,3
Catterick,EBF 'Confined' Restricted Maiden Stakes (GBB Race),10:00:00,,3.75,A M Balding,3
Catterick,EBF 'Confined' Restricted Maiden Stakes (GBB Race),10:00:00,,5.5,E Walker,5
Catterick,EBF 'Confined' Restricted Maiden Stakes (GBB Race),10:00:00,Eagle Bay (IRE),5.5,E Walker,5
Catterick,EBF 'Confined' Restricted Maiden Stakes (GBB Race),10:00:00,Galileo Blue,5.6,H Palmer,7
Catterick,EBF 'Confined' Restricted Maiden Stakes (GBB Race),10:00:00,Galileo Blue,5.6,H Palmer,7
Catterick,EBF 'Confined' Restricted Maiden Stakes (GBB Race),10:00:00,Uncle Nader,9,Jack Jones,9
Catterick,EBF 'Confined' Restricted Maiden Stakes (GBB Race),10:00:00,Uncle Nader,9,Jack Jones,9
Catterick,EBF 'Confined' Restricted Maiden Stakes (GBB Race),10:00:00,Wagyu Star,9,J & S Quinn,9
Catterick,EBF 'Confined' Restricted Maiden Stakes (GBB Race),10:00:00,Wagyu Star,9,J & S Quinn,9
Catterick,EBF 'Confined' Restricted Maiden Stakes (GBB Race),10:00:00,,10,T D Easterby,13
Catterick,EBF 'Confined' Restricted Maiden Stakes (GBB Race),10:00:00,Deep Sleep (GB),10,T D Easterby,13
Catterick,EBF 'Confined' Restricted Maiden Stakes (GBB Race),10:00:00,This Rib (GB),11,D Loughnane,15
Catterick,EBF 'Confined' Restricted Maiden Stakes (GBB Race),10:00:00,,11,D Loughnane,15
Catterick,EBF 'Confined' Restricted Maiden Stakes (GBB Race),10:00:00,West Sleekburn Lad,12,P D Niven,17
Catterick,EBF 'Confined' Restricted Maiden Stakes (GBB Race),10:00:00,West Sleekburn Lad,12,P D Niven,17
Catterick,EBF 'Confined' Restricted Maiden Stakes (GBB Race),10:00:00,Lilykoy (GB),14,Dylan Cunha,19
Catterick,EBF 'Confined' Restricted Maiden Stakes (GBB Race),10:00:00,,14,Dylan Cunha,19
Catterick,Every Race Live On Racing TV Novice Stakes (GBB Ra,10:28:00,,2.3,T D Barron,1
Catterick,Every Race Live On Racing TV Novice Stakes (GBB Ra,10:28:00,He's Our Cracker,2.3,J Candlish,1
Catterick,Every Race Live On Racing TV Novice Stakes (GBB Ra,10:28:00,Secret Sonata (GB),2.3,A M Balding,1
Catterick,Every Race Live On Racing TV Novice Stakes (GBB Ra,10:28:00,Pension Pot (GB),2.3,T D Barron,1
Catterick,Every Race Live On Racing TV Novice Stakes (GBB Ra,10:28:00,He's Our Cracker,2.3,J Candlish,1
Catterick,Every Race Live On Racing TV Novice Stakes (GBB Ra,10:28:00,,2.3,T D Easterby,1
Catterick,Every Race Live On Racing TV Novice Stakes (GBB Ra,10:28:00,Nanyuki (IRE),2.3,Mrs A Duffield,1
Catterick,Every Race Live On Racing TV Novice Stakes (GBB Ra,10:28:00,,2.3,J S Goldie,1
Catterick,Every Race Live On Racing TV Novice Stakes (GBB Ra,10:28:00,,2.3,Mrs A Duffield,1
Catterick,Every Race Live On Racing TV Novice Stakes (GBB Ra,10:28:00,Proud To Be Fox (GB),2.3,T D Easterby,1
Catterick,Every Race Live On Racing TV Novice Stakes (GBB Ra,10:28:00,Approaching Dawn (GB),2.3,J S Goldie,1
Catterick,Every Race Live On Racing TV Novice Stakes (GBB Ra,10:28:00,Savannah Grey (IRE),2.3,Ollie Sangster,1
Catterick,Every Race Live On Racing TV Novice Stakes (GBB Ra,10:28:00,,2.3,Ollie Sangster,1
Catterick,Every Race Live On Racing TV Novice Stakes (GBB Ra,10:28:00,,2.3,A M Balding,1
Catterick,Every Race Live On Racing TV Novice Stakes (GBB Ra,10:28:00,,23,Steph Hollinshead,15
Catterick,Every Race Live On Racing TV Novice Stakes (GBB Ra,10:28:00,Harry Mole (GB),23,Steph Hollinshead,15
Catterick,Every Race Live On Racing TV Novice Stakes (GBB Ra,10:28:00,Benjamin Brodie (GB),42,B Rothwell,17
Catterick,Every Race Live On Racing TV Novice Stakes (GBB Ra,10:28:00,,42,B Rothwell,17
Catterick,Download The Raceday Ready App Handicap (GBBPlus R,10:56:00,,2.7,D O'Meara,1
Catterick,Download The Raceday Ready App Handicap (GBBPlus R,10:56:00,Elsie's Ruan,2.7,G Tutty,1
Catterick,Download The Raceday Ready App Handicap (GBBPlus R,10:56:00,Yellow Card (GB),2.7,M Bowen,1
Catterick,Download The Raceday Ready App Handicap (GBBPlus R,10:56:00,Playtime (GB),2.7,A M Balding,1
Catterick,Download The Raceday Ready App Handicap (GBBPlus R,10:56:00,Natzor (FR),2.7,Lizzie Quinlan,1
Catterick,Download The Raceday Ready App Handicap (GBBPlus R,10:56:00,Spanish Hustle (GB),2.7,J S Goldie,1
Catterick,Download The Raceday Ready App Handicap (GBBPlus R,10:56:00,Made All (GB),2.7,S England,1
Catterick,Download The Raceday Ready App Handicap (GBBPlus R,10:56:00,Aajej (GB),2.7,S & E Crisford,1
Catterick,Download The Raceday Ready App Handicap (GBBPlus R,10:56:00,Fouroneohfever (IRE),2.7,G Boughey,1
Catterick,Download The Raceday Ready App Handicap (GBBPlus R,10:56:00,Ghaiyya (GB),2.7,C Johnston,1
Catterick,Download The Raceday Ready App Handicap (GBBPlus R,10:56:00,Mafting (GB),2.7,D O'Meara,1
Catterick,Download The Raceday Ready App Handicap (GBBPlus R,10:56:00,,2.7,K R Burke,1
Catterick,Download The Raceday Ready App Handicap (GBBPlus R,10:56:00,,2.7,M Bowen,1
Catterick,Download The Raceday Ready App Handicap (GBBPlus R,10:56:00,,2.7,A M Balding,1
Catterick,Download The Raceday Ready App Handicap (GBBPlus R,10:56:00,,2.7,Lizzie Quinlan,1
Catterick,Download The Raceday Ready App Handicap (GBBPlus R,10:56:00,,2.7,J S Goldie,1
Catterick,Download The Raceday Ready App Handicap (GBBPlus R,10:56:00,,2.7,S England,1
Catterick,Download The Raceday Ready App Handicap (GBBPlus R,10:56:00,,2.7,S & E Crisford,1
Catterick,Download The Raceday Ready App Handicap (GBBPlus R,10:56:00,,2.7,G Boughey,1
Catterick,Download The Raceday Ready App Handicap (GBBPlus R,10:56:00,,2.7,C Johnston,1
Catterick,Download The Raceday Ready App Handicap (GBBPlus R,10:56:00,Elsie's Ruan,2.7,G Tutty,1
Catterick,Download The Raceday Ready App Handicap (GBBPlus R,10:56:00,Arkinthestars (GB),2.7,K R Burke,1
Catterick,Download The Raceday Ready App Handicap (GBBPlus R,10:56:00,Thosewerethedays (IRE),3,R M Beckett,23
Catterick,Download The Raceday Ready App Handicap (GBBPlus R,10:56:00,,3,R M Beckett,23
Catterick,William Hill Football Final One Standing Handicap ,11:23:00,In A Hurry (GB),2.7,D O'Meara,1
Catterick,William Hill Football Final One Standing Handicap ,11:23:00,Chuti Manika (IRE),2.7,C Johnston,1
Catterick,William Hill Football Final One Standing Handicap ,11:23:00,,2.7,E Bethell,1
Catterick,William Hill Football Final One Standing Handicap ,11:23:00,Wreck It Ryley (IRE),2.7,A D Brown,1
Catterick,William Hill Football Final One Standing Handicap ,11:23:00,,2.7,J & S Quinn,1
Catterick,William Hill Football Final One Standing Handicap ,11:23:00,Native Instinct (GB),2.7,E Bethell,1
Catterick,William Hill Football Final One Standing Handicap ,11:23:00,Magic Boy (GER),2.7,N Tinkler,1
Catterick,William Hill Football Final One Standing Handicap ,11:23:00,Quest For Fun (GB),2.7,T D Easterby,1
Catterick,William Hill Football Final One Standing Handicap ,11:23:00,Mudamer (IRE),2.7,G A Harker,1
Catterick,William Hill Football Final One Standing Handicap ,11:23:00,,2.7,D O'Meara,1
Catterick,William Hill Football Final One Standing Handicap ,11:23:00,,2.7,C Johnston,1
Catterick,William Hill Football Final One Standing Handicap ,11:23:00,,2.7,N Tinkler,1
Catterick,William Hill Football Final One Standing Handicap ,11:23:00,,2.7,T D Easterby,1
Catterick,William Hill Football Final One Standing Handicap ,11:23:00,,2.7,G A Harker,1
Catterick,William Hill Football Final One Standing Handicap ,11:23:00,,2.7,A D Brown,1
Catterick,William Hill Football Final One Standing Handicap ,11:23:00,Highfield Viking (GB),2.7,J & S Quinn,1
Catterick,William Hill Football Final One Standing Handicap ,11:23:00,Vince Le Prince (GB),2.74,T D Easterby,17
Catterick,William Hill Football Final One Standing Handicap ,11:23:00,,2.74,T D Easterby,17
Catterick,William Hill Football Final One Standing Handicap ,11:23:00,,5.5,T Coyle & K Wood,19
Catterick,William Hill Football Final One Standing Handicap ,11:23:00,Havana Prince (GB),5.5,T Coyle & K Wood,19
Catterick,William Hill Football Final One Standing Handicap ,11:50:00,Sir Garfield (IRE),2.74,J & S Quinn,1
Catterick,William Hill Football Final One Standing Handicap ,11:50:00,,2.74,S R Bowring,1
Catterick,William Hill Football Final One Standing Handicap ,11:50:00,,2.74,T D Easterby,1
Catterick,William Hill Football Final One Standing Handicap ,11:50:00,U Sure Do (IRE),2.74,T D Easterby,1
Catterick,William Hill Football Final One Standing Handicap ,11:50:00,Coconut Bay (GB),2.74,T Davidson,1
Catterick,William Hill Football Final One Standing Handicap ,11:50:00,Yaaser (IRE),2.74,J S Goldie,1
Catterick,William Hill Football Final One Standing Handicap ,11:50:00,Cliffcake (IRE),2.74,S R Bowring,1
Catterick,William Hill Football Final One Standing Handicap ,11:50:00,Danzan (IRE),2.74,T D Easterby,1
Catterick,William Hill Football Final One Standing Handicap ,11:50:00,,2.74,T D Easterby,1
Catterick,William Hill Football Final One Standing Handicap ,11:50:00,,2.74,J & S Quinn,1
Catterick,William Hill Football Final One Standing Handicap ,11:50:00,,2.74,T Davidson,1
Catterick,William Hill Football Final One Standing Handicap ,11:50:00,,2.74,J S Goldie,1
Catterick,William Hill Football Final One Standing Handicap ,11:50:00,,4.5,Mrs R Carr,13
Catterick,William Hill Football Final One Standing Handicap ,11:50:00,Woodstock (IRE),4.5,Mrs R Carr,13
Catterick,William Hill Football Final One Standing Handicap ,11:50:00,,5.1,E A L Dunlop,15
Catterick,William Hill Football Final One Standing Handicap ,11:50:00,Tactical Plan (GB),5.1,E A L Dunlop,15
Catterick,William Hill Football Final One Standing Handicap ,11:50:00,,5.3,T D Barron,17
Catterick,William Hill Football Final One Standing Handicap ,11:50:00,Ahamoment (IRE),5.3,T D Barron,17
Catterick,William Hill Football Final One Standing Handicap ,11:50:00,,7.2,R A Fahey,19
Catterick,William Hill Football Final One Standing Handicap ,11:50:00,Catalyse (IRE),7.2,R A Fahey,19
Ascot,Qipco British Champions Long Distance Cup (Group 1,11:55:00,Trawlerman (IRE),1.54,J & T Gosden,1
Ascot,Qipco British Champions Long Distance Cup (Group 1,11:55:00,,1.54,J & T Gosden,1
Ascot,Qipco British Champions Long Distance Cup (Group 1,11:55:00,Sweet William (IRE),6,J & T Gosden,3
Ascot,Qipco British Champions Long Distance Cup (Group 1,11:55:00,,6,J & T Gosden,3
Ascot,Qipco British Champions Long Distance Cup (Group 1,11:55:00,Stay True (IRE),7.6,A P O'Brien,5
Ascot,Qipco British Champions Long Distance Cup (Group 1,11:55:00,,7.6,A P O'Brien,5
Ascot,Qipco British Champions Long Distance Cup (Group 1,11:55:00,Al Qareem (IRE),15.5,K R Burke,7
Ascot,Qipco British Champions Long Distance Cup (Group 1,11:55:00,,15.5,K R Burke,7
Ascot,Qipco British Champions Long Distance Cup (Group 1,11:55:00,,100,A P O'Brien,9
Ascot,Qipco British Champions Long Distance Cup (Group 1,11:55:00,Saratoga (IRE),100,A P O'Brien,9
Stratford,Nigel Reeve 60th Birthday Celebration Female Jocke,12:15:00,Gerard Mentor (FR),2.7,K Bailey & M Nicholls,1
Stratford,Nigel Reeve 60th Birthday Celebration Female Jocke,12:15:00,Zenato (IRE),2.7,F O'Brien,1
Stratford,Nigel Reeve 60th Birthday Celebration Female Jocke,12:15:00,Sain Et Sauf (GB),2.7,F O'Brien,1
Stratford,Nigel Reeve 60th Birthday Celebration Female Jocke,12:15:00,Lusso Milan (IRE),2.7,D G Bridgwater,1
Stratford,Nigel Reeve 60th Birthday Celebration Female Jocke,12:15:00,Character Testing (GB),2.7,T Ellis,1
Stratford,Nigel Reeve 60th Birthday Celebration Female Jocke,12:15:00,Granny B (IRE),2.7,M Mullineaux,1
Stratford,Nigel Reeve 60th Birthday Celebration Female Jocke,12:15:00,Freddie Fleetfoot (GB),2.7,C J Gray,1
Stratford,Nigel Reeve 60th Birthday Celebration Female Jocke,12:15:00,Coup De Gold (IRE),2.7,Evan Williams,1
Stratford,Nigel Reeve 60th Birthday Celebration Female Jocke,12:15:00,,2.7,F O'Brien,1
Stratford,Nigel Reeve 60th Birthday Celebration Female Jocke,12:15:00,,2.7,K Bailey & M Nicholls,1
Stratford,Nigel Reeve 60th Birthday Celebration Female Jocke,12:15:00,,2.7,Mrs N S Evans,1
Stratford,Nigel Reeve 60th Birthday Celebration Female Jocke,12:15:00,,2.7,T Ellis,1
Stratford,Nigel Reeve 60th Birthday Celebration Female Jocke,12:15:00,,2.7,M Mullineaux,1
Stratford,Nigel Reeve 60th Birthday Celebration Female Jocke,12:15:00,,2.7,C J Gray,1
Stratford,Nigel Reeve 60th Birthday Celebration Female Jocke,12:15:00,,2.7,Evan Williams,1
Stratford,Nigel Reeve 60th Birthday Celebration Female Jocke,12:15:00,Barbie Girlz (IRE),2.7,Katy Price,1
Stratford,Nigel Reeve 60th Birthday Celebration Female Jocke,12:15:00,Virtual Hug (IRE),2.7,Mrs N S Evans,1
Stratford,Nigel Reeve 60th Birthday Celebration Female Jocke,12:15:00,,2.7,Katy Price,1
Stratford,Nigel Reeve 60th Birthday Celebration Female Jocke,12:15:00,,2.7,D G Bridgwater,1
Stratford,Nigel Reeve 60th Birthday Celebration Female Jocke,12:15:00,,2.7,F O'Brien,1
Stratford,Nigel Reeve 60th Birthday Celebration Female Jocke,12:15:00,Electric Eddy (GB),3.15,N & W Twiston-Davies,21
Stratford,Nigel Reeve 60th Birthday Celebration Female Jocke,12:15:00,,3.15,N & W Twiston-Davies,21
Catterick,William Hill Catterick Dash Handicap,12:20:00,I'm Next,2.7,T D Easterby,1
Catterick,William Hill Catterick Dash Handicap,12:20:00,Curious Rover (IRE),2.7,K Scott,1
Catterick,William Hill Catterick Dash Handicap,12:20:00,,2.7,B Smart,1
Catterick,William Hill Catterick Dash Handicap,12:20:00,,2.7,Tom Clover,1
Catterick,William Hill Catterick Dash Handicap,12:20:00,Jumbeau (GB),2.7,Tom Clover,1
Catterick,William Hill Catterick Dash Handicap,12:20:00,I'm Next,2.7,T D Easterby,1
Catterick,William Hill Catterick Dash Handicap,12:20:00,Castan (GB),2.7,B Smart,1
Catterick,William Hill Catterick Dash Handicap,12:20:00,,2.7,K Scott,1
Catterick,William Hill Catterick Dash Handicap,12:20:00,,2.7,R M H Cowell,1
Catterick,William Hill Catterick Dash Handicap,12:20:00,Lexington Blitz (IRE),2.7,R M H Cowell,1
Catterick,William Hill Catterick Dash Handicap,12:20:00,,3.15,S R Bowring,11
Catterick,William Hill Catterick Dash Handicap,12:20:00,Hiya Maite (GB),3.15,S R Bowring,11
Catterick,William Hill Catterick Dash Handicap,12:20:00,,4.1,R A Fahey,13
Catterick,William Hill Catterick Dash Handicap,12:20:00,Vintage Clarets (GB),4.1,R A Fahey,13
Catterick,William Hill Catterick Dash Handicap,12:20:00,,5.2,K A Ryan,15
Catterick,William Hill Catterick Dash Handicap,12:20:00,Venture Capital (GB),5.2,K A Ryan,15
Catterick,William Hill Catterick Dash Handicap,12:20:00,,8,M Appleby,17
Catterick,William Hill Catterick Dash Handicap,12:20:00,Hedge Fund (IRE),8,M Appleby,17
Catterick,William Hill Catterick Dash Handicap,12:20:00,,8.2,M Walford,19
Catterick,William Hill Catterick Dash Handicap,12:20:00,Kodiac Thriller (IRE),8.2,M Walford,19
Catterick,William Hill Catterick Dash Handicap,12:20:00,Rosenpur (GER),9.8,J Candlish,21
Catterick,William Hill Catterick Dash Handicap,12:20:00,,9.8,J Candlish,21
Ascot,Qipco British Champions Day Two-Year-Old Condition,12:30:00,Words Of Truth (GB),2.46,C Appleby,1
Ascot,Qipco British Champions Day Two-Year-Old Condition,12:30:00,,2.46,C Appleby,1
Ascot,Qipco British Champions Day Two-Year-Old Condition,12:30:00,,6.4,W J Haggas,3
Ascot,Qipco British Champions Day Two-Year-Old Condition,12:30:00,Division (GB),6.4,W J Haggas,3
Ascot,Qipco British Champions Day Two-Year-Old Condition,12:30:00,,8.4,J & T Gosden,5
Ascot,Qipco British Champions Day Two-Year-Old Condition,12:30:00,Siren Suit (GB),8.4,J & T Gosden,5
Ascot,Qipco British Champions Day Two-Year-Old Condition,12:30:00,Mission Central (IRE),11,A P O'Brien,7
Ascot,Qipco British Champions Day Two-Year-Old Condition,12:30:00,,11,A P O'Brien,7
Ascot,Qipco British Champions Day Two-Year-Old Condition,12:30:00,Sir Albert (IRE),15.5,A M Balding,9
Ascot,Qipco British Champions Day Two-Year-Old Condition,12:30:00,,15.5,A M Balding,9
Ascot,Qipco British Champions Day Two-Year-Old Condition,12:30:00,,17.5,M Appleby,11
Ascot,Qipco British Champions Day Two-Year-Old Condition,12:30:00,Gentle George (GB),17.5,M Appleby,11
Ascot,Qipco British Champions Day Two-Year-Old Condition,12:30:00,,19,H Palmer,13
Ascot,Qipco British Champions Day Two-Year-Old Condition,12:30:00,Ardisia (IRE),19,H Palmer,13
Ascot,Qipco British Champions Day Two-Year-Old Condition,12:30:00,Kansas (IRE),26,A P O'Brien,15
Ascot,Qipco British Champions Day Two-Year-Old Condition,12:30:00,,26,A P O'Brien,15
Ascot,Qipco British Champions Day Two-Year-Old Condition,12:30:00,Super Soldier (IRE),40,K R Burke,17
Ascot,Qipco British Champions Day Two-Year-Old Condition,12:30:00,,40,K R Burke,17
Ascot,Qipco British Champions Day Two-Year-Old Condition,12:30:00,,75,R M Beckett,19
Ascot,Qipco British Champions Day Two-Year-Old Condition,12:30:00,Egoli (GB),75,R M Beckett,19
Ascot,Qipco British Champions Day Two-Year-Old Condition,12:30:00,Kamakameleon (GB),80,Dylan Cunha,21
Ascot,Qipco British Champions Day Two-Year-Old Condition,12:30:00,,80,Dylan Cunha,21
Ascot,Qipco British Champions Day Two-Year-Old Condition,12:30:00,,80,H Palmer,21
Ascot,Qipco British Champions Day Two-Year-Old Condition,12:30:00,Watcha Snoop (IRE),80,H Palmer,21
Ascot,Qipco British Champions Day Two-Year-Old Condition,12:30:00,Slay Queen (IRE),180,R Hannon,25
Ascot,Qipco British Champions Day Two-Year-Old Condition,12:30:00,,180,R Hannon,25
Limerick,Limerick Show Maiden Hurdle,12:45:00,Artic Chief,2,L Lennon,1
Limerick,Limerick Show Maiden Hurdle,12:45:00,Whoswhointhezoo (IRE),2,P Nolan,1
Limerick,Limerick Show Maiden Hurdle,12:45:00,Flash The Badge (IRE),2,J C McConnell,1
Limerick,Limerick Show Maiden Hurdle,12:45:00,Talk The Talk (FR),2,J P O'Brien,1
Limerick,Limerick Show Maiden Hurdle,12:45:00,Splendid Fellow,2,H De Bromhead,1
Limerick,Limerick Show Maiden Hurdle,12:45:00,Hesgonethatway,2,P J Rothwell,1
Limerick,Limerick Show Maiden Hurdle,12:45:00,Royal Approval (USA),2,G Elliott,1
Limerick,Limerick Show Maiden Hurdle,12:45:00,Louiescall (IRE),2,D H Kelly,1
Limerick,Limerick Show Maiden Hurdle,12:45:00,Call Tadgh (IRE),2,S Ryan,1
Limerick,Limerick Show Maiden Hurdle,12:45:00,Brosna Town (IRE),2,D K Weld,1
Limerick,Limerick Show Maiden Hurdle,12:45:00,Certamen (IRE),2,E Buckley,1
Limerick,Limerick Show Maiden Hurdle,12:45:00,Maharajjah (IRE),2,L Young,1
Limerick,Limerick Show Maiden Hurdle,12:45:00,Glin Road Boy (IRE),2,E M O'Sullivan,1
Limerick,Limerick Show Maiden Hurdle,12:45:00,Starting Fifteen (GB),2,E McNamara,1
Limerick,Limerick Show Maiden Hurdle,12:45:00,,2,J P O'Brien,1
Limerick,Limerick Show Maiden Hurdle,12:45:00,,2,D H Kelly,1
Limerick,Limerick Show Maiden Hurdle,12:45:00,Hesgonethatway,2,P J Rothwell,1
Limerick,Limerick Show Maiden Hurdle,12:45:00,,2,S Ryan,1
Limerick,Limerick Show Maiden Hurdle,12:45:00,,2,P Nolan,1
Limerick,Limerick Show Maiden Hurdle,12:45:00,,2,J C McConnell,1
Limerick,Limerick Show Maiden Hurdle,12:45:00,Splendid Fellow,2,H De Bromhead,1
Limerick,Limerick Show Maiden Hurdle,12:45:00,Frankie's First,2,J M Burke,1
Limerick,Limerick Show Maiden Hurdle,12:45:00,Artic Chief,2,L Lennon,1
Limerick,Limerick Show Maiden Hurdle,12:45:00,,2,G Elliott,1
Limerick,Limerick Show Maiden Hurdle,12:45:00,,2,D K Weld,1
Limerick,Limerick Show Maiden Hurdle,12:45:00,,2,E Buckley,1
Limerick,Limerick Show Maiden Hurdle,12:45:00,,2,L Young,1
Limerick,Limerick Show Maiden Hurdle,12:45:00,,2,E M O'Sullivan,1
Limerick,Limerick Show Maiden Hurdle,12:45:00,,2,E McNamara,1
Limerick,Limerick Show Maiden Hurdle,12:45:00,Frankie's First,2,J M Burke,1
Limerick,Limerick Show Maiden Hurdle,12:45:00,,2.3,W Durkan,31
Limerick,Limerick Show Maiden Hurdle,12:45:00,Touch The Moon (IRE),2.3,W Durkan,31
Stratford,Diesel Technic 10 Year Anniversary 'National Hunt',12:50:00,,1.15,F Brennan,1
Stratford,Diesel Technic 10 Year Anniversary 'National Hunt',12:50:00,Vesalius (IRE),1.15,F Brennan,1
Stratford,Diesel Technic 10 Year Anniversary 'National Hunt',12:50:00,Absolutely Doyen (IRE),1.25,P F Nicholls,3
Stratford,Diesel Technic 10 Year Anniversary 'National Hunt',12:50:00,,1.25,P F Nicholls,3
Stratford,Diesel Technic 10 Year Anniversary 'National Hunt',12:50:00,Night Stalker (GB),5.2,Miss S West,5
Stratford,Diesel Technic 10 Year Anniversary 'National Hunt',12:50:00,,5.2,Miss S West,5
Stratford,Diesel Technic 10 Year Anniversary 'National Hunt',12:50:00,,23,Ella Pickard,7
Stratford,Diesel Technic 10 Year Anniversary 'National Hunt',12:50:00,Aceofadiamond (IRE),23,Ella Pickard,7
Catterick,William Hill Each Way Extra Veterans' Handicap,12:55:00,Paws For Thought (IRE),3.1,D McCain Jnr,1
Catterick,William Hill Each Way Extra Veterans' Handicap,12:55:00,,3.1,M & D Easterby,1
Catterick,William Hill Each Way Extra Veterans' Handicap,12:55:00,,3.1,Darryll Holland,1
Catterick,William Hill Each Way Extra Veterans' Handicap,12:55:00,,3.1,T D Barron,1
Catterick,William Hill Each Way Extra Veterans' Handicap,12:55:00,,3.1,M Appleby,1
Catterick,William Hill Each Way Extra Veterans' Handicap,12:55:00,,3.1,Harry Eustace,1
Catterick,William Hill Each Way Extra Veterans' Handicap,12:55:00,,3.1,Mrs R Carr,1
Catterick,William Hill Each Way Extra Veterans' Handicap,12:55:00,,3.1,Adrian Nicholls,1
Catterick,William Hill Each Way Extra Veterans' Handicap,12:55:00,,3.1,R A Fahey,1
Catterick,William Hill Each Way Extra Veterans' Handicap,12:55:00,,3.1,M Dods,1
Catterick,William Hill Each Way Extra Veterans' Handicap,12:55:00,Beauty Choice (GB),3.1,M & D Easterby,1
Catterick,William Hill Each Way Extra Veterans' Handicap,12:55:00,Spring Bloom (GB),3.1,Darryll Holland,1
Catterick,William Hill Each Way Extra Veterans' Handicap,12:55:00,Zarzyni (IRE),3.1,T D Barron,1
Catterick,William Hill Each Way Extra Veterans' Handicap,12:55:00,Lipsink (IRE),3.1,M Appleby,1
Catterick,William Hill Each Way Extra Veterans' Handicap,12:55:00,Alligator Alley (GB),3.1,Mrs R Carr,1
Catterick,William Hill Each Way Extra Veterans' Handicap,12:55:00,Hurt You Never (IRE),3.1,Adrian Nicholls,1
Catterick,William Hill Each Way Extra Veterans' Handicap,12:55:00,Monsieur Kodi (IRE),3.1,R A Fahey,1
Catterick,William Hill Each Way Extra Veterans' Handicap,12:55:00,Bosh (IRE),3.1,M Dods,1
Catterick,William Hill Each Way Extra Veterans' Handicap,12:55:00,Ancient Times (USA),3.1,Harry Eustace,1
Catterick,William Hill Each Way Extra Veterans' Handicap,12:55:00,,3.1,D McCain Jnr,1
Ascot,Qipco British Champions Sprint Stakes (Group 1),13:05:00,Lazzat (FR),5.4,J Reynier,1
Ascot,Qipco British Champions Sprint Stakes (Group 1),13:05:00,,5.4,J Reynier,1
Ascot,Qipco British Champions Sprint Stakes (Group 1),13:05:00,Montassib (GB),7.6,W J Haggas,3
Ascot,Qipco British Champions Sprint Stakes (Group 1),13:05:00,,7.6,W J Haggas,3
Ascot,Qipco British Champions Sprint Stakes (Group 1),13:05:00,,8,J R Fanshawe,5
Ascot,Qipco British Champions Sprint Stakes (Group 1),13:05:00,Kind Of Blue (GB),8,J R Fanshawe,5
Ascot,Qipco British Champions Sprint Stakes (Group 1),13:05:00,Big Mojo (IRE),10,M Appleby,7
Ascot,Qipco British Champions Sprint Stakes (Group 1),13:05:00,,10,M Appleby,7
Ascot,Qipco British Champions Sprint Stakes (Group 1),13:05:00,,13,F Graffard,9
Ascot,Qipco British Champions Sprint Stakes (Group 1),13:05:00,Rayevka (IRE),13,F Graffard,9
Ascot,Qipco British Champions Sprint Stakes (Group 1),13:05:00,,13.5,P Twomey,11
Ascot,Qipco British Champions Sprint Stakes (Group 1),13:05:00,Flora Of Bermuda (IRE),13.5,A M Balding,11
Ascot,Qipco British Champions Sprint Stakes (Group 1),13:05:00,,13.5,A M Balding,11
Ascot,Qipco British Champions Sprint Stakes (Group 1),13:05:00,King Cuan (GB),13.5,P Twomey,11
Ascot,Qipco British Champions Sprint Stakes (Group 1),13:05:00,,16,K A Ryan,15
Ascot,Qipco British Champions Sprint Stakes (Group 1),13:05:00,Inisherin (GB),16,K A Ryan,15
Ascot,Qipco British Champions Sprint Stakes (Group 1),13:05:00,,20,C Hills,17
Ascot,Qipco British Champions Sprint Stakes (Group 1),13:05:00,Iberian (IRE),20,C Hills,17
Ascot,Qipco British Champions Sprint Stakes (Group 1),13:05:00,Ten Bob Tony (IRE),22,E Walker,19
Ascot,Qipco British Champions Sprint Stakes (Group 1),13:05:00,,22,E Walker,19
Ascot,Qipco British Champions Sprint Stakes (Group 1),13:05:00,No Half Measures (IRE),26,R Hughes,21
Ascot,Qipco British Champions Sprint Stakes (Group 1),13:05:00,,26,R Hughes,21
Ascot,Qipco British Champions Sprint Stakes (Group 1),13:05:00,Witness Stand (GB),28,Dr R Newland & J Insole,23
Ascot,Qipco British Champions Sprint Stakes (Group 1),13:05:00,,28,Dr R Newland & J Insole,23
Ascot,Qipco British Champions Sprint Stakes (Group 1),13:05:00,,44,T D Easterby,25
Ascot,Qipco British Champions Sprint Stakes (Group 1),13:05:00,Art Power (IRE),44,T D Easterby,25
Ascot,Qipco British Champions Sprint Stakes (Group 1),13:05:00,,48,J & T Gosden,27
Ascot,Qipco British Champions Sprint Stakes (Group 1),13:05:00,Spy Chief (GB),48,J & T Gosden,27
Ascot,Qipco British Champions Sprint Stakes (Group 1),13:05:00,James's Delight,55,C G Cox,29
Ascot,Qipco British Champions Sprint Stakes (Group 1),13:05:00,Quinault (GER),55,S C Williams,29
Ascot,Qipco British Champions Sprint Stakes (Group 1),13:05:00,,55,S C Williams,29
Ascot,Qipco British Champions Sprint Stakes (Group 1),13:05:00,James's Delight,55,C G Cox,29
Ascot,Qipco British Champions Sprint Stakes (Group 1),13:05:00,,70,H Candy,33
Ascot,Qipco British Champions Sprint Stakes (Group 1),13:05:00,King's Gamble,70,R M Beckett,33
Ascot,Qipco British Champions Sprint Stakes (Group 1),13:05:00,Run To Freedom (GB),70,H Candy,33
Ascot,Qipco British Champions Sprint Stakes (Group 1),13:05:00,King's Gamble,70,R M Beckett,33
Ascot,Qipco British Champions Sprint Stakes (Group 1),13:05:00,,110,R A Fahey,37
Ascot,Qipco British Champions Sprint Stakes (Group 1),13:05:00,Powerful Glory (IRE),110,R A Fahey,37
Leopardstown,Irish EBF Fillies Maiden (Smullen Series),13:10:00,I Hope You Dance,1.5,H De Bromhead,1
Leopardstown,Irish EBF Fillies Maiden (Smullen Series),13:10:00,Almeiyda,1.5,D K Weld,1
Leopardstown,Irish EBF Fillies Maiden (Smullen Series),13:10:00,I Hope You Dance,1.5,H De Bromhead,1
Leopardstown,Irish EBF Fillies Maiden (Smullen Series),13:10:00,Musical Chimes (GB),1.5,A P O'Brien,1
Leopardstown,Irish EBF Fillies Maiden (Smullen Series),13:10:00,Knowinmeknowinyou,1.5,J P O'Brien,1
Leopardstown,Irish EBF Fillies Maiden (Smullen Series),13:10:00,Chasing Paradise,1.5,J P Murtagh,1
Leopardstown,Irish EBF Fillies Maiden (Smullen Series),13:10:00,Aravalli,1.5,Mrs J Harrington,1
Leopardstown,Irish EBF Fillies Maiden (Smullen Series),13:10:00,Almeiyda,1.5,D K Weld,1
Leopardstown,Irish EBF Fillies Maiden (Smullen Series),13:10:00,Ballycotton Bay,1.5,J S Bolger,1
Leopardstown,Irish EBF Fillies Maiden (Smullen Series),13:10:00,,1.5,A P O'Brien,1
Leopardstown,Irish EBF Fillies Maiden (Smullen Series),13:10:00,Aravalli,1.5,Mrs J Harrington,1
Leopardstown,Irish EBF Fillies Maiden (Smullen Series),13:10:00,Chasing Paradise,1.5,J P Murtagh,1
Leopardstown,Irish EBF Fillies Maiden (Smullen Series),13:10:00,Rose Sienna,1.5,J P Murtagh,1
Leopardstown,Irish EBF Fillies Maiden (Smullen Series),13:10:00,,1.5,A P O'Brien,1
Leopardstown,Irish EBF Fillies Maiden (Smullen Series),13:10:00,Knowinmeknowinyou,1.5,J P O'Brien,1
Leopardstown,Irish EBF Fillies Maiden (Smullen Series),13:10:00,Camelot Queen (GB),1.5,A P O'Brien,1
Leopardstown,Irish EBF Fillies Maiden (Smullen Series),13:10:00,Ballycotton Bay,1.5,J S Bolger,1
Leopardstown,Irish EBF Fillies Maiden (Smullen Series),13:10:00,Amelia Earhart (IRE),1.5,A P O'Brien,1
Leopardstown,Irish EBF Fillies Maiden (Smullen Series),13:10:00,Rose Sienna,1.5,J P Murtagh,1
Leopardstown,Irish EBF Fillies Maiden (Smullen Series),13:10:00,,1.5,A P O'Brien,1
Newton Abbot,British Stallion Studs EBF 'National Hunt' Novices,13:15:00,Havefunontherun (IRE),2.1,F O'Brien,1
Newton Abbot,British Stallion Studs EBF 'National Hunt' Novices,13:15:00,,2.1,P Hobbs & J White,1
Newton Abbot,British Stallion Studs EBF 'National Hunt' Novices,13:15:00,Jackomy,2.1,N P Mulholland,1
Newton Abbot,British Stallion Studs EBF 'National Hunt' Novices,13:15:00,,2.1,P F Nicholls,1
Newton Abbot,British Stallion Studs EBF 'National Hunt' Novices,13:15:00,Madajovy (GB),2.1,D Skelton,1
Newton Abbot,British Stallion Studs EBF 'National Hunt' Novices,13:15:00,Kapitein Kool (IRE),2.1,J W Mullins,1
Newton Abbot,British Stallion Studs EBF 'National Hunt' Novices,13:15:00,Le Soleil Reve (FR),2.1,Mrs J Williams,1
Newton Abbot,British Stallion Studs EBF 'National Hunt' Novices,13:15:00,Idaho Bridge (IRE),2.1,P Hobbs & J White,1
Newton Abbot,British Stallion Studs EBF 'National Hunt' Novices,13:15:00,Grey Lagoon,2.1,P Hobbs & J White,1
Newton Abbot,British Stallion Studs EBF 'National Hunt' Novices,13:15:00,,2.1,D Skelton,1
Newton Abbot,British Stallion Studs EBF 'National Hunt' Novices,13:15:00,,2.1,J W Mullins,1
Newton Abbot,British Stallion Studs EBF 'National Hunt' Novices,13:15:00,,2.1,Mrs J Williams,1
Newton Abbot,British Stallion Studs EBF 'National Hunt' Novices,13:15:00,,2.1,F O'Brien,1
Newton Abbot,British Stallion Studs EBF 'National Hunt' Novices,13:15:00,Grey Lagoon,2.1,P Hobbs & J White,1
Newton Abbot,British Stallion Studs EBF 'National Hunt' Novices,13:15:00,Jackomy,2.1,N P Mulholland,1
Newton Abbot,British Stallion Studs EBF 'National Hunt' Novices,13:15:00,Calvino (IRE),2.1,P F Nicholls,1
Newton Abbot,British Stallion Studs EBF 'National Hunt' Novices,13:15:00,Hot To Go,2.16,N & W Twiston-Davies,17
Newton Abbot,British Stallion Studs EBF 'National Hunt' Novices,13:15:00,Hot To Go,2.16,N & W Twiston-Davies,17
Newton Abbot,British Stallion Studs EBF 'National Hunt' Novices,13:15:00,,22,J Tizzard,19
Newton Abbot,British Stallion Studs EBF 'National Hunt' Novices,13:15:00,Fight My Fire (IRE),22,J Tizzard,19
Newton Abbot,British Stallion Studs EBF 'National Hunt' Novices,13:15:00,El Arco (IRE),26,H Dickin,21
Newton Abbot,British Stallion Studs EBF 'National Hunt' Novices,13:15:00,,26,H Dickin,21
Limerick,Vision Contracting Maiden Hurdle,13:20:00,,2,B Mortell,1
Limerick,Vision Contracting Maiden Hurdle,13:20:00,,2,E McNamara,1
Limerick,Vision Contracting Maiden Hurdle,13:20:00,,2,W J O'Doherty,1
Limerick,Vision Contracting Maiden Hurdle,13:20:00,,2,C O'Dwyer,1
Limerick,Vision Contracting Maiden Hurdle,13:20:00,,2,E M O'Sullivan,1
Limerick,Vision Contracting Maiden Hurdle,13:20:00,How's The Head,2,T Townend,1
Limerick,Vision Contracting Maiden Hurdle,13:20:00,,2,E M O'Sullivan,1
Limerick,Vision Contracting Maiden Hurdle,13:20:00,,2,Peter Fahey,1
Limerick,Vision Contracting Maiden Hurdle,13:20:00,,2,P J Rothwell,1
Limerick,Vision Contracting Maiden Hurdle,13:20:00,Mistyburn (IRE),2,P J Rothwell,1
Limerick,Vision Contracting Maiden Hurdle,13:20:00,Apalachiyeats (IRE),2,E M O'Sullivan,1
Limerick,Vision Contracting Maiden Hurdle,13:20:00,How's The Head,2,T Townend,1
Limerick,Vision Contracting Maiden Hurdle,13:20:00,Uptaurintop (IRE),2,E M O'Sullivan,1
Limerick,Vision Contracting Maiden Hurdle,13:20:00,Kazbek (IRE),2,Peter Fahey,1
Limerick,Vision Contracting Maiden Hurdle,13:20:00,,2,J P Ryan,1
Limerick,Vision Contracting Maiden Hurdle,13:20:00,Run For The Border (IRE),2,J P Ryan,1
Limerick,Vision Contracting Maiden Hurdle,13:20:00,Three County Star (IRE),2,B Mortell,1
Limerick,Vision Contracting Maiden Hurdle,13:20:00,We Be Grand (IRE),2,E McNamara,1
Limerick,Vision Contracting Maiden Hurdle,13:20:00,Bridge View Star (IRE),2,W J O'Doherty,1
Limerick,Vision Contracting Maiden Hurdle,13:20:00,Easy Doyen (IRE),2,C O'Dwyer,1
Stratford,Mid-Warwickshire Cleaning Supplies Handicap Chase ,13:30:00,,1.65,A Ralph,1
Stratford,Mid-Warwickshire Cleaning Supplies Handicap Chase ,13:30:00,,1.65,D McCain Jnr,1
Stratford,Mid-Warwickshire Cleaning Supplies Handicap Chase ,13:30:00,Mix Of Clover (GB),1.65,A Ralph,1
Stratford,Mid-Warwickshire Cleaning Supplies Handicap Chase ,13:30:00,Cartonne (FR),1.65,D McCain Jnr,1
Stratford,Mid-Warwickshire Cleaning Supplies Handicap Chase ,13:30:00,,2.2,A J Honeyball,5
Stratford,Mid-Warwickshire Cleaning Supplies Handicap Chase ,13:30:00,Juggernaut (FR),2.2,A J Honeyball,5
Stratford,Mid-Warwickshire Cleaning Supplies Handicap Chase ,13:30:00,,2.2,C E Longsdon,5
Stratford,Mid-Warwickshire Cleaning Supplies Handicap Chase ,13:30:00,Midnight Jewel (GB),2.2,C E Longsdon,5
Stratford,Mid-Warwickshire Cleaning Supplies Handicap Chase ,13:30:00,,3.65,J Coulson,9
Stratford,Mid-Warwickshire Cleaning Supplies Handicap Chase ,13:30:00,Salley Gardens (IRE),3.65,J Coulson,9
Leopardstown,Irish EBF (C & G) Maiden (Smullen Series),13:40:00,Ex Animo (IRE),2.6,A P O'Brien,1
Leopardstown,Irish EBF (C & G) Maiden (Smullen Series),13:40:00,Il Corsaro,2.6,A P O'Brien,1
Leopardstown,Irish EBF (C & G) Maiden (Smullen Series),13:40:00,Grand Premiere,2.6,Mrs J Harrington,1
Leopardstown,Irish EBF (C & G) Maiden (Smullen Series),13:40:00,Fits Perfect (IRE),2.6,J P O'Brien,1
Leopardstown,Irish EBF (C & G) Maiden (Smullen Series),13:40:00,Sharkeyboy (FR),2.6,W P Mullins,1
Leopardstown,Irish EBF (C & G) Maiden (Smullen Series),13:40:00,Star Chamber (GB),2.6,G M Lyons,1
Leopardstown,Irish EBF (C & G) Maiden (Smullen Series),13:40:00,Hes A Big Boy Now,2.6,J P Murtagh,1
Leopardstown,Irish EBF (C & G) Maiden (Smullen Series),13:40:00,Il Corsaro,2.6,A P O'Brien,1
Leopardstown,Irish EBF (C & G) Maiden (Smullen Series),13:40:00,,2.6,G M Lyons,1
Leopardstown,Irish EBF (C & G) Maiden (Smullen Series),13:40:00,Grand Premiere,2.6,Mrs J Harrington,1
Leopardstown,Irish EBF (C & G) Maiden (Smullen Series),13:40:00,,2.6,J P O'Brien,1
Leopardstown,Irish EBF (C & G) Maiden (Smullen Series),13:40:00,,2.6,W P Mullins,1
Leopardstown,Irish EBF (C & G) Maiden (Smullen Series),13:40:00,,2.6,Donnacha O'Brien,1
Leopardstown,Irish EBF (C & G) Maiden (Smullen Series),13:40:00,Darius Dark,2.6,J P Murtagh,1
Leopardstown,Irish EBF (C & G) Maiden (Smullen Series),13:40:00,,2.6,A P O'Brien,1
Leopardstown,Irish EBF (C & G) Maiden (Smullen Series),13:40:00,Mergus Serrator,2.6,G P Cromwell,1
Leopardstown,Irish EBF (C & G) Maiden (Smullen Series),13:40:00,Hes A Big Boy Now,2.6,J P Murtagh,1
Leopardstown,Irish EBF (C & G) Maiden (Smullen Series),13:40:00,Eniac (IRE),2.6,Donnacha O'Brien,1
Leopardstown,Irish EBF (C & G) Maiden (Smullen Series),13:40:00,Darius Dark,2.6,J P Murtagh,1
Leopardstown,Irish EBF (C & G) Maiden (Smullen Series),13:40:00,Mergus Serrator,2.6,G P Cromwell,1
Leopardstown,Irish EBF (C & G) Maiden (Smullen Series),13:40:00,Antigua,2.62,A P O'Brien,21
Leopardstown,Irish EBF (C & G) Maiden (Smullen Series),13:40:00,Antigua,2.62,A P O'Brien,21
Leopardstown,Irish EBF (C & G) Maiden (Smullen Series),13:40:00,Zia Zabel (IRE),3.75,N Lupini,23
Leopardstown,Irish EBF (C & G) Maiden (Smullen Series),13:40:00,,3.75,N Lupini,23
Ascot,Qipco British Champions Fillies & Mares Stakes (Fi,13:45:00,,3.9,A M Balding,1
Ascot,Qipco British Champions Fillies & Mares Stakes (Fi,13:45:00,Kalpana (GB),3.9,A M Balding,1
Ascot,Qipco British Champions Fillies & Mares Stakes (Fi,13:45:00,Estrange (IRE),6.8,D O'Meara,3
Ascot,Qipco British Champions Fillies & Mares Stakes (Fi,13:45:00,,6.8,D O'Meara,3
Ascot,Qipco British Champions Fillies & Mares Stakes (Fi,13:45:00,,7.2,Owen Burrows,5
Ascot,Qipco British Champions Fillies & Mares Stakes (Fi,13:45:00,Waardah (IRE),7.2,Owen Burrows,5
Ascot,Qipco British Champions Fillies & Mares Stakes (Fi,13:45:00,Quisisana,8.8,F Graffard,7
Ascot,Qipco British Champions Fillies & Mares Stakes (Fi,13:45:00,Quisisana,8.8,F Graffard,7
Ascot,Qipco British Champions Fillies & Mares Stakes (Fi,13:45:00,,10,P Twomey,9
Ascot,Qipco British Champions Fillies & Mares Stakes (Fi,13:45:00,One Look (IRE),10,P Twomey,9
Ascot,Qipco British Champions Fillies & Mares Stakes (Fi,13:45:00,,12.5,J P O'Brien,11
Ascot,Qipco British Champions Fillies & Mares Stakes (Fi,13:45:00,,12.5,A P O'Brien,11
Ascot,Qipco British Champions Fillies & Mares Stakes (Fi,13:45:00,Bedtime Story (IRE),12.5,A P O'Brien,11
Ascot,Qipco British Champions Fillies & Mares Stakes (Fi,13:45:00,Wemightakedlongway (IRE),12.5,J P O'Brien,11
Ascot,Qipco British Champions Fillies & Mares Stakes (Fi,13:45:00,Danielle (GB),19,J & T Gosden,15
Ascot,Qipco British Champions Fillies & Mares Stakes (Fi,13:45:00,,19,J & T Gosden,15
Ascot,Qipco British Champions Fillies & Mares Stakes (Fi,13:45:00,Latakia,19,F Graffard,15
Ascot,Qipco British Champions Fillies & Mares Stakes (Fi,13:45:00,Latakia,19,F Graffard,15
Ascot,Qipco British Champions Fillies & Mares Stakes (Fi,13:45:00,Ballet Slippers (IRE),60,A P O'Brien,19
Ascot,Qipco British Champions Fillies & Mares Stakes (Fi,13:45:00,,60,A P O'Brien,19
Newton Abbot,Weatherbys & Birdie Calendars Conditional Jockeys',13:54:00,,1.75,D A Rees,1
Newton Abbot,Weatherbys & Birdie Calendars Conditional Jockeys',13:54:00,,1.75,Mrs S Gardner,1
Newton Abbot,Weatherbys & Birdie Calendars Conditional Jockeys',13:54:00,Blackacre (GB),1.75,Evan Williams,1
Newton Abbot,Weatherbys & Birdie Calendars Conditional Jockeys',13:54:00,Testflight (GB),1.75,Mrs S Gardner,1
Newton Abbot,Weatherbys & Birdie Calendars Conditional Jockeys',13:54:00,Esperti (IRE),1.75,D A Rees,1
Newton Abbot,Weatherbys & Birdie Calendars Conditional Jockeys',13:54:00,Moonlight Artist (GB),1.75,J Tizzard,1
Newton Abbot,Weatherbys & Birdie Calendars Conditional Jockeys',13:54:00,,1.75,Evan Williams,1
Newton Abbot,Weatherbys & Birdie Calendars Conditional Jockeys',13:54:00,,1.75,J Tizzard,1
Newton Abbot,Weatherbys & Birdie Calendars Conditional Jockeys',13:54:00,Of Corse I Can (FR),2.3,N P Mulholland,9
Newton Abbot,Weatherbys & Birdie Calendars Conditional Jockeys',13:54:00,,2.3,N P Mulholland,9
Newton Abbot,Weatherbys & Birdie Calendars Conditional Jockeys',13:54:00,Lock Out (IRE),4,D Pipe,11
Newton Abbot,Weatherbys & Birdie Calendars Conditional Jockeys',13:54:00,,4,D Pipe,11
Limerick,Irish Stallion Farms EBF Cailin Alainn Mares Hurdl,13:55:00,,2,Yvonne Latta,1
Limerick,Irish Stallion Farms EBF Cailin Alainn Mares Hurdl,13:55:00,,2,L Kenny,1
Limerick,Irish Stallion Farms EBF Cailin Alainn Mares Hurdl,13:55:00,,2,D A McLoughlin,1
Limerick,Irish Stallion Farms EBF Cailin Alainn Mares Hurdl,13:55:00,,2,E McNamara,1
Limerick,Irish Stallion Farms EBF Cailin Alainn Mares Hurdl,13:55:00,Getaway Beo (IRE),2,G Elliott,1
Limerick,Irish Stallion Farms EBF Cailin Alainn Mares Hurdl,13:55:00,Millstream Lady (IRE),2,E McNamara,1
Limerick,Irish Stallion Farms EBF Cailin Alainn Mares Hurdl,13:55:00,,2,G Elliott,1
Limerick,Irish Stallion Farms EBF Cailin Alainn Mares Hurdl,13:55:00,,2,P Nolan,1
Limerick,Irish Stallion Farms EBF Cailin Alainn Mares Hurdl,13:55:00,,2,P Nolan,1
Limerick,Irish Stallion Farms EBF Cailin Alainn Mares Hurdl,13:55:00,Thisistheway (IRE),2,Yvonne Latta,1
Limerick,Irish Stallion Farms EBF Cailin Alainn Mares Hurdl,13:55:00,World Of Fortunes (IRE),2,L Kenny,1
Limerick,Irish Stallion Farms EBF Cailin Alainn Mares Hurdl,13:55:00,Feet Of A Dancer (FR),2,P Nolan,1
Limerick,Irish Stallion Farms EBF Cailin Alainn Mares Hurdl,13:55:00,Mousey Brown (IRE),2,D A McLoughlin,1
Limerick,Irish Stallion Farms EBF Cailin Alainn Mares Hurdl,13:55:00,Farfromnowhere (IRE),2,P Nolan,1
Stratford,Steve And Madeleine's 10 Year Anniversary Mares' H,14:05:00,,2.02,A J Honeyball,1
Stratford,Steve And Madeleine's 10 Year Anniversary Mares' H,14:05:00,Getmetothemoon (GB),2.02,A J Honeyball,1
Stratford,Steve And Madeleine's 10 Year Anniversary Mares' H,14:05:00,Lagertha (IRE),2.04,Katy Price,3
Stratford,Steve And Madeleine's 10 Year Anniversary Mares' H,14:05:00,,2.04,Daisy Hitchins,3
Stratford,Steve And Madeleine's 10 Year Anniversary Mares' H,14:05:00,Quick Of The Night (GB),2.04,Dave Roberts,3
Stratford,Steve And Madeleine's 10 Year Anniversary Mares' H,14:05:00,Kitty Foyle (IRE),2.04,Daisy Hitchins,3
Stratford,Steve And Madeleine's 10 Year Anniversary Mares' H,14:05:00,,2.04,Katy Price,3
Stratford,Steve And Madeleine's 10 Year Anniversary Mares' H,14:05:00,,2.04,Dave Roberts,3
Stratford,Steve And Madeleine's 10 Year Anniversary Mares' H,14:05:00,Seeyouinmydreams (GB),3,P F Nicholls,9
Stratford,Steve And Madeleine's 10 Year Anniversary Mares' H,14:05:00,,3,P F Nicholls,9
Leopardstown,Mongey Communications Eyrefield Stakes (Group 3),14:15:00,,1.9,J P O'Brien,1
Leopardstown,Mongey Communications Eyrefield Stakes (Group 3),14:15:00,Thread Of Gold (IRE),1.9,W P Mullins,1
Leopardstown,Mongey Communications Eyrefield Stakes (Group 3),14:15:00,,1.9,J P O'Brien,1
Leopardstown,Mongey Communications Eyrefield Stakes (Group 3),14:15:00,,1.9,W P Mullins,1
Leopardstown,Mongey Communications Eyrefield Stakes (Group 3),14:15:00,,1.9,Donnacha O'Brien,1
Leopardstown,Mongey Communications Eyrefield Stakes (Group 3),14:15:00,,1.9,A P O'Brien,1
Leopardstown,Mongey Communications Eyrefield Stakes (Group 3),14:15:00,,1.9,A P O'Brien,1
Leopardstown,Mongey Communications Eyrefield Stakes (Group 3),14:15:00,,1.9,Donnacha O'Brien,1
Leopardstown,Mongey Communications Eyrefield Stakes (Group 3),14:15:00,Listentodwindblow (IRE),1.9,J P O'Brien,1
Leopardstown,Mongey Communications Eyrefield Stakes (Group 3),14:15:00,South Island (IRE),1.9,Donnacha O'Brien,1
Leopardstown,Mongey Communications Eyrefield Stakes (Group 3),14:15:00,Christmas Day (IRE),1.9,A P O'Brien,1
Leopardstown,Mongey Communications Eyrefield Stakes (Group 3),14:15:00,Port Of Spain (IRE),1.9,A P O'Brien,1
Leopardstown,Mongey Communications Eyrefield Stakes (Group 3),14:15:00,A Boy Named Susie (IRE),1.9,Donnacha O'Brien,1
Leopardstown,Mongey Communications Eyrefield Stakes (Group 3),14:15:00,Nil Bua Gan Dua (USA),1.9,J P O'Brien,1
Leopardstown,Mongey Communications Eyrefield Stakes (Group 3),14:15:00,Piazza San Marco (USA),1.97,A P O'Brien,15
Leopardstown,Mongey Communications Eyrefield Stakes (Group 3),14:15:00,,1.97,A P O'Brien,15
Ascot,Queen Elizabeth II Stakes (Sponsored By Qipco) (Gr,14:25:00,,2.94,J & T Gosden,1
Ascot,Queen Elizabeth II Stakes (Sponsored By Qipco) (Gr,14:25:00,Field Of Gold (IRE),2.94,J & T Gosden,1
Ascot,Queen Elizabeth II Stakes (Sponsored By Qipco) (Gr,14:25:00,,6.4,R Hannon,3
Ascot,Queen Elizabeth II Stakes (Sponsored By Qipco) (Gr,14:25:00,Rosallion (IRE),6.4,R Hannon,3
Ascot,Queen Elizabeth II Stakes (Sponsored By Qipco) (Gr,14:25:00,Never So Brave (IRE),9,A M Balding,5
Ascot,Queen Elizabeth II Stakes (Sponsored By Qipco) (Gr,14:25:00,,9,A M Balding,5
Ascot,Queen Elizabeth II Stakes (Sponsored By Qipco) (Gr,14:25:00,Fallen Angel (FR),10,K R Burke,7
Ascot,Queen Elizabeth II Stakes (Sponsored By Qipco) (Gr,14:25:00,,10,K R Burke,7
Ascot,Queen Elizabeth II Stakes (Sponsored By Qipco) (Gr,14:25:00,Docklands (GB),16.5,Harry Eustace,9
Ascot,Queen Elizabeth II Stakes (Sponsored By Qipco) (Gr,14:25:00,,16.5,Harry Eustace,9
Ascot,Queen Elizabeth II Stakes (Sponsored By Qipco) (Gr,14:25:00,,19.5,A P O'Brien,11
Ascot,Queen Elizabeth II Stakes (Sponsored By Qipco) (Gr,14:25:00,The Lion In Winter (IRE),19.5,A P O'Brien,11
Ascot,Queen Elizabeth II Stakes (Sponsored By Qipco) (Gr,14:25:00,Carl Spackler (IRE),24,J & T Gosden,13
Ascot,Queen Elizabeth II Stakes (Sponsored By Qipco) (Gr,14:25:00,,24,J & T Gosden,13
Ascot,Queen Elizabeth II Stakes (Sponsored By Qipco) (Gr,14:25:00,Facteur Cheval (IRE),29,J Reynier,15
Ascot,Queen Elizabeth II Stakes (Sponsored By Qipco) (Gr,14:25:00,,29,J Reynier,15
Ascot,Queen Elizabeth II Stakes (Sponsored By Qipco) (Gr,14:25:00,Alakazi (FR),30,J P Murtagh,17
Ascot,Queen Elizabeth II Stakes (Sponsored By Qipco) (Gr,14:25:00,Marvelman (IRE),30,A M Balding,17
Ascot,Queen Elizabeth II Stakes (Sponsored By Qipco) (Gr,14:25:00,,30,A M Balding,17
Ascot,Queen Elizabeth II Stakes (Sponsored By Qipco) (Gr,14:25:00,,30,J P Murtagh,17
Ascot,Queen Elizabeth II Stakes (Sponsored By Qipco) (Gr,14:25:00,Tamfana (GER),38,D Menuisier,21
Ascot,Queen Elizabeth II Stakes (Sponsored By Qipco) (Gr,14:25:00,,38,D Menuisier,21
Ascot,Queen Elizabeth II Stakes (Sponsored By Qipco) (Gr,14:25:00,Dancing Gemini (IRE),60,R A Teal,23
Ascot,Queen Elizabeth II Stakes (Sponsored By Qipco) (Gr,14:25:00,,60,R A Teal,23
Ascot,Queen Elizabeth II Stakes (Sponsored By Qipco) (Gr,14:25:00,January (GB),60,A P O'Brien,23
Ascot,Queen Elizabeth II Stakes (Sponsored By Qipco) (Gr,14:25:00,,60,A P O'Brien,23
Ascot,Queen Elizabeth II Stakes (Sponsored By Qipco) (Gr,14:25:00,,85,A P O'Brien,27
Ascot,Queen Elizabeth II Stakes (Sponsored By Qipco) (Gr,14:25:00,Exactly (GB),85,A P O'Brien,27
Ascot,Queen Elizabeth II Stakes (Sponsored By Qipco) (Gr,14:25:00,Quddwah (GB),110,S & E Crisford,29
Ascot,Queen Elizabeth II Stakes (Sponsored By Qipco) (Gr,14:25:00,,110,S & E Crisford,29
Ascot,Queen Elizabeth II Stakes (Sponsored By Qipco) (Gr,14:25:00,Cicero's Gift,120,C Hills,31
Ascot,Queen Elizabeth II Stakes (Sponsored By Qipco) (Gr,14:25:00,Cicero's Gift,120,C Hills,31
Limerick,"Tote Guarantee, Never Beaten By SP Novice Hurdle (",14:30:00,,2.2,Donncha Duggan,1
Limerick,"Tote Guarantee, Never Beaten By SP Novice Hurdle (",14:30:00,,2.2,D Hogan,1
Limerick,"Tote Guarantee, Never Beaten By SP Novice Hurdle (",14:30:00,,2.2,Richard J O'Hara,1
Limerick,"Tote Guarantee, Never Beaten By SP Novice Hurdle (",14:30:00,,2.2,E McCarthy,1
Limerick,"Tote Guarantee, Never Beaten By SP Novice Hurdle (",14:30:00,Strong Contender,2.2,N Lee,1
Limerick,"Tote Guarantee, Never Beaten By SP Novice Hurdle (",14:30:00,Ballykinlar (IRE),2.2,Donncha Duggan,1
Limerick,"Tote Guarantee, Never Beaten By SP Novice Hurdle (",14:30:00,Dramatic License (IRE),2.2,S R B Crawford,1
Limerick,"Tote Guarantee, Never Beaten By SP Novice Hurdle (",14:30:00,Ephesus (IRE),2.2,D Hogan,1
Limerick,"Tote Guarantee, Never Beaten By SP Novice Hurdle (",14:30:00,Kilbuny Supersonic (IRE),2.2,Richard J O'Hara,1
Limerick,"Tote Guarantee, Never Beaten By SP Novice Hurdle (",14:30:00,Shadow Paddy (IRE),2.2,E McCarthy,1
Limerick,"Tote Guarantee, Never Beaten By SP Novice Hurdle (",14:30:00,Strong Contender,2.2,N Lee,1
Limerick,"Tote Guarantee, Never Beaten By SP Novice Hurdle (",14:30:00,Carrigg Island (IRE),2.2,E McCarthy,1
Limerick,"Tote Guarantee, Never Beaten By SP Novice Hurdle (",14:30:00,,2.2,E McCarthy,1
Limerick,"Tote Guarantee, Never Beaten By SP Novice Hurdle (",14:30:00,,2.2,S R B Crawford,1
Newton Abbot,Wollens Full Spectrum Law Handicap Hurdle,14:35:00,St Lukes Chelsea (GB),2.2,R Walford,1
Newton Abbot,Wollens Full Spectrum Law Handicap Hurdle,14:35:00,Cornish Storm (GB),2.2,W S Kittow,1
Newton Abbot,Wollens Full Spectrum Law Handicap Hurdle,14:35:00,,2.2,W S Kittow,1
Newton Abbot,Wollens Full Spectrum Law Handicap Hurdle,14:35:00,,2.2,R Walford,1
Newton Abbot,Wollens Full Spectrum Law Handicap Hurdle,14:35:00,,2.6,P F Nicholls,5
Newton Abbot,Wollens Full Spectrum Law Handicap Hurdle,14:35:00,Courageous Strike (GB),2.6,P F Nicholls,5
Newton Abbot,Wollens Full Spectrum Law Handicap Hurdle,14:35:00,Manuelito (GB),3.4,P Hobbs & J White,7
Newton Abbot,Wollens Full Spectrum Law Handicap Hurdle,14:35:00,,3.4,P Hobbs & J White,7
Newton Abbot,Wollens Full Spectrum Law Handicap Hurdle,14:35:00,,4.8,N & W Twiston-Davies,9
Newton Abbot,Wollens Full Spectrum Law Handicap Hurdle,14:35:00,Tax For Max (GER),4.8,N & W Twiston-Davies,9
Newton Abbot,Wollens Full Spectrum Law Handicap Hurdle,14:35:00,,5.9,A J Honeyball,11
Newton Abbot,Wollens Full Spectrum Law Handicap Hurdle,14:35:00,Dance And Glance (GB),5.9,A J Honeyball,11
Newton Abbot,Wollens Full Spectrum Law Handicap Hurdle,14:35:00,Bluegrass (IRE),7.8,S Edmunds,13
Newton Abbot,Wollens Full Spectrum Law Handicap Hurdle,14:35:00,,7.8,S Edmunds,13
Newton Abbot,Wollens Full Spectrum Law Handicap Hurdle,14:35:00,American Land (IRE),8.6,J Tizzard,15
Newton Abbot,Wollens Full Spectrum Law Handicap Hurdle,14:35:00,,8.6,J Tizzard,15
Stratford,Jaxon Daiquiri's First Year Handicap Hurdle,14:40:00,,2.2,G Hanmer,1
Stratford,Jaxon Daiquiri's First Year Handicap Hurdle,14:40:00,,2.2,A Gibbons,1
Stratford,Jaxon Daiquiri's First Year Handicap Hurdle,14:40:00,G'day Aussie,2.2,Dave Roberts,1
Stratford,Jaxon Daiquiri's First Year Handicap Hurdle,14:40:00,,2.2,J G M O'Shea,1
Stratford,Jaxon Daiquiri's First Year Handicap Hurdle,14:40:00,,2.2,Dr R Newland & J Insole,1
Stratford,Jaxon Daiquiri's First Year Handicap Hurdle,14:40:00,,2.2,J & A O'Neill,1
Stratford,Jaxon Daiquiri's First Year Handicap Hurdle,14:40:00,Hardy Buck (IRE),2.2,A Gibbons,1
Stratford,Jaxon Daiquiri's First Year Handicap Hurdle,14:40:00,G'day Aussie,2.2,Dave Roberts,1
Stratford,Jaxon Daiquiri's First Year Handicap Hurdle,14:40:00,Fight For It (IRE),2.2,J G M O'Shea,1
Stratford,Jaxon Daiquiri's First Year Handicap Hurdle,14:40:00,Dreamweaver (IRE),2.2,Dr R Newland & J Insole,1
Stratford,Jaxon Daiquiri's First Year Handicap Hurdle,14:40:00,Northern Rose (IRE),2.2,G Hanmer,1
Stratford,Jaxon Daiquiri's First Year Handicap Hurdle,14:40:00,Cawthorne Banker (IRE),2.2,J & A O'Neill,1
Stratford,Jaxon Daiquiri's First Year Handicap Hurdle,14:40:00,Sassified (IRE),3.15,James Owen,13
Stratford,Jaxon Daiquiri's First Year Handicap Hurdle,14:40:00,,3.15,James Owen,13
Stratford,Jaxon Daiquiri's First Year Handicap Hurdle,14:40:00,Baikal (GB),3.95,G Harris,15
Stratford,Jaxon Daiquiri's First Year Handicap Hurdle,14:40:00,,3.95,G Harris,15
Stratford,Jaxon Daiquiri's First Year Handicap Hurdle,14:40:00,Basilette (IRE),5.3,J W Mullins,17
Stratford,Jaxon Daiquiri's First Year Handicap Hurdle,14:40:00,,5.3,J W Mullins,17
Leopardstown,Irish Stallion Farms EBF Fillies Maiden,14:50:00,Trumph,1.5,Mrs J Harrington,1
Leopardstown,Irish Stallion Farms EBF Fillies Maiden,14:50:00,Keepsgettingbetter (IRE),1.5,Donnacha O'Brien,1
Leopardstown,Irish Stallion Farms EBF Fillies Maiden,14:50:00,Divine Legend,1.5,J P Murtagh,1
Leopardstown,Irish Stallion Farms EBF Fillies Maiden,14:50:00,Celestially,1.5,Donnacha O'Brien,1
Leopardstown,Irish Stallion Farms EBF Fillies Maiden,14:50:00,Micaela De Lujan (GB),1.5,G P Cromwell,1
Leopardstown,Irish Stallion Farms EBF Fillies Maiden,14:50:00,Croi Gra,1.5,N Lupini,1
Leopardstown,Irish Stallion Farms EBF Fillies Maiden,14:50:00,Garden Party (GB),1.5,A P O'Brien,1
Leopardstown,Irish Stallion Farms EBF Fillies Maiden,14:50:00,Shamlia,1.5,J P Murtagh,1
Leopardstown,Irish Stallion Farms EBF Fillies Maiden,14:50:00,Push Harder (IRE),1.5,C Timmons,1
Leopardstown,Irish Stallion Farms EBF Fillies Maiden,14:50:00,Trumph,1.5,Mrs J Harrington,1
Leopardstown,Irish Stallion Farms EBF Fillies Maiden,14:50:00,,1.5,Donnacha O'Brien,1
Leopardstown,Irish Stallion Farms EBF Fillies Maiden,14:50:00,Divine Legend,1.5,J P Murtagh,1
Leopardstown,Irish Stallion Farms EBF Fillies Maiden,14:50:00,,1.5,G P Cromwell,1
Leopardstown,Irish Stallion Farms EBF Fillies Maiden,14:50:00,Croi Gra,1.5,N Lupini,1
Leopardstown,Irish Stallion Farms EBF Fillies Maiden,14:50:00,,1.5,A P O'Brien,1
Leopardstown,Irish Stallion Farms EBF Fillies Maiden,14:50:00,Shamlia,1.5,J P Murtagh,1
Leopardstown,Irish Stallion Farms EBF Fillies Maiden,14:50:00,,1.5,C Timmons,1
Leopardstown,Irish Stallion Farms EBF Fillies Maiden,14:50:00,Celestially,1.5,Donnacha O'Brien,1
Leopardstown,Irish Stallion Farms EBF Fillies Maiden,14:50:00,Aquilla Star (IRE),1.5,J C McConnell,1
Leopardstown,Irish Stallion Farms EBF Fillies Maiden,14:50:00,,1.5,A P O'Brien,1
Leopardstown,Irish Stallion Farms EBF Fillies Maiden,14:50:00,,1.5,J C McConnell,1
Leopardstown,Irish Stallion Farms EBF Fillies Maiden,14:50:00,,1.5,P McCreery,1
Leopardstown,Irish Stallion Farms EBF Fillies Maiden,14:50:00,Arizona Star (IRE),1.5,P McCreery,1
Leopardstown,Irish Stallion Farms EBF Fillies Maiden,14:50:00,Charm Of Venice,1.5,A Oliver,1
Leopardstown,Irish Stallion Farms EBF Fillies Maiden,14:50:00,Take A Bow (GB),1.5,A P O'Brien,1
Leopardstown,Irish Stallion Farms EBF Fillies Maiden,14:50:00,Charm Of Venice,1.5,A Oliver,1
Leopardstown,Irish Stallion Farms EBF Fillies Maiden,14:50:00,Minerva (IRE),1.74,A P O'Brien,27
Leopardstown,Irish Stallion Farms EBF Fillies Maiden,14:50:00,,1.74,A P O'Brien,27
Limerick,Master Chefs Classic Handicap Hurdle,15:00:00,Arthur's Victory,2.5,J Nash,1
Limerick,Master Chefs Classic Handicap Hurdle,15:00:00,Lenjoleur De Palma (FR),2.5,E McNamara,1
Limerick,Master Chefs Classic Handicap Hurdle,15:00:00,Arthur's Victory,2.5,J Nash,1
Limerick,Master Chefs Classic Handicap Hurdle,15:00:00,St Denis's Well,2.5,Ian Donoghue,1
Limerick,Master Chefs Classic Handicap Hurdle,15:00:00,,2.5,D H Kelly,1
Limerick,Master Chefs Classic Handicap Hurdle,15:00:00,,2.5,J Morrison,1
Limerick,Master Chefs Classic Handicap Hurdle,15:00:00,,2.5,B Connell,1
Limerick,Master Chefs Classic Handicap Hurdle,15:00:00,,2.5,J J Hanlon,1
Limerick,Master Chefs Classic Handicap Hurdle,15:00:00,,2.5,M A Molloy,1
Limerick,Master Chefs Classic Handicap Hurdle,15:00:00,,2.5,E Doyle,1
Limerick,Master Chefs Classic Handicap Hurdle,15:00:00,,2.5,H Rogers,1
Limerick,Master Chefs Classic Handicap Hurdle,15:00:00,,2.5,E McNamara,1
Limerick,Master Chefs Classic Handicap Hurdle,15:00:00,Yosemite Gold (GB),2.5,E Doyle,1
Limerick,Master Chefs Classic Handicap Hurdle,15:00:00,Quint Major (IRE),2.5,M A Molloy,1
Limerick,Master Chefs Classic Handicap Hurdle,15:00:00,Pahlavi (IRE),2.5,J J Hanlon,1
Limerick,Master Chefs Classic Handicap Hurdle,15:00:00,Weston (GER),2.5,H Rogers,1
Limerick,Master Chefs Classic Handicap Hurdle,15:00:00,Farrokh (FR),2.5,B Connell,1
Limerick,Master Chefs Classic Handicap Hurdle,15:00:00,Synchronize (IRE),2.5,J Morrison,1
Limerick,Master Chefs Classic Handicap Hurdle,15:00:00,Footstepstoglory (IRE),2.5,D H Kelly,1
Limerick,Master Chefs Classic Handicap Hurdle,15:00:00,St Denis's Well,2.5,Ian Donoghue,1
Limerick,Master Chefs Classic Handicap Hurdle,15:00:00,Matt Connor (IRE),2.52,J P Dempsey,21
Limerick,Master Chefs Classic Handicap Hurdle,15:00:00,,2.52,J P Dempsey,21
Ascot,Qipco Champion Stakes (Group 1),15:05:00,Ombudsman (IRE),2.92,J & T Gosden,1
Ascot,Qipco Champion Stakes (Group 1),15:05:00,,2.92,J & T Gosden,1
Ascot,Qipco Champion Stakes (Group 1),15:05:00,,4,F Graffard,3
Ascot,Qipco Champion Stakes (Group 1),15:05:00,Calandagan (IRE),4,F Graffard,3
Ascot,Qipco Champion Stakes (Group 1),15:05:00,,5.6,A P O'Brien,5
Ascot,Qipco Champion Stakes (Group 1),15:05:00,Delacroix (IRE),5.6,A P O'Brien,5
Ascot,Qipco Champion Stakes (Group 1),15:05:00,,14.5,W J Haggas,7
Ascot,Qipco Champion Stakes (Group 1),15:05:00,Economics (GB),14.5,W J Haggas,7
Ascot,Qipco Champion Stakes (Group 1),15:05:00,Almeric (GB),17,A M Balding,9
Ascot,Qipco Champion Stakes (Group 1),15:05:00,,17,A M Balding,9
Ascot,Qipco Champion Stakes (Group 1),15:05:00,,22,E Walker,11
Ascot,Qipco Champion Stakes (Group 1),15:05:00,Almaqam (GB),22,E Walker,11
Ascot,Qipco Champion Stakes (Group 1),15:05:00,Fox Legacy (GB),26,A M Balding,13
Ascot,Qipco Champion Stakes (Group 1),15:05:00,,26,A M Balding,13
Ascot,Qipco Champion Stakes (Group 1),15:05:00,,29,A Fabre,15
Ascot,Qipco Champion Stakes (Group 1),15:05:00,First Look (FR),29,A Fabre,15
Ascot,Qipco Champion Stakes (Group 1),15:05:00,Devil's Advocate,130,J & T Gosden,17
Ascot,Qipco Champion Stakes (Group 1),15:05:00,Devil's Advocate,130,J & T Gosden,17
Ascot,Qipco Champion Stakes (Group 1),15:05:00,Mount Kilimanjaro (FR),190,A P O'Brien,19
Ascot,Qipco Champion Stakes (Group 1),15:05:00,,190,Dylan Cunha,19
Ascot,Qipco Champion Stakes (Group 1),15:05:00,,190,A P O'Brien,19
Ascot,Qipco Champion Stakes (Group 1),15:05:00,Prague (IRE),190,Dylan Cunha,19
Newton Abbot,Remembering Len & Pam Cartwright Handicap Hurdle,15:15:00,Stinginhisstep (GB),3.2,Mrs S Gardner,1
Newton Abbot,Remembering Len & Pam Cartwright Handicap Hurdle,15:15:00,,3.2,Mrs J Williams,1
Newton Abbot,Remembering Len & Pam Cartwright Handicap Hurdle,15:15:00,Despereaux (FR),3.2,Mrs J Williams,1
Newton Abbot,Remembering Len & Pam Cartwright Handicap Hurdle,15:15:00,,3.2,Mrs S Gardner,1
Newton Abbot,Remembering Len & Pam Cartwright Handicap Hurdle,15:15:00,,4,Daisy Hitchins,5
Newton Abbot,Remembering Len & Pam Cartwright Handicap Hurdle,15:15:00,Coconut Twist (IRE),4,Daisy Hitchins,5
Newton Abbot,Remembering Len & Pam Cartwright Handicap Hurdle,15:15:00,Diplomatie (FR),5.1,Harry Derham,7
Newton Abbot,Remembering Len & Pam Cartwright Handicap Hurdle,15:15:00,,5.1,Harry Derham,7
Newton Abbot,Remembering Len & Pam Cartwright Handicap Hurdle,15:15:00,,5.1,J Tizzard,7
Newton Abbot,Remembering Len & Pam Cartwright Handicap Hurdle,15:15:00,Striking A Pose (IRE),5.1,J Tizzard,7
Newton Abbot,Remembering Len & Pam Cartwright Handicap Hurdle,15:15:00,Busy Being Busy (IRE),5.6,S Edmunds,11
Newton Abbot,Remembering Len & Pam Cartwright Handicap Hurdle,15:15:00,,5.6,S Edmunds,11
Newton Abbot,Remembering Len & Pam Cartwright Handicap Hurdle,15:15:00,El Capitaine (IRE),8,K Woollacott,13
Newton Abbot,Remembering Len & Pam Cartwright Handicap Hurdle,15:15:00,,8,K Woollacott,13
Newton Abbot,Remembering Len & Pam Cartwright Handicap Hurdle,15:15:00,Elusiveness (IRE),8,J Scott,13
Newton Abbot,Remembering Len & Pam Cartwright Handicap Hurdle,15:15:00,,8,J Scott,13
Newton Abbot,Remembering Len & Pam Cartwright Handicap Hurdle,15:15:00,Al Sayah (GB),9.4,N P Mulholland,17
Newton Abbot,Remembering Len & Pam Cartwright Handicap Hurdle,15:15:00,,9.4,N P Mulholland,17
Newton Abbot,Remembering Len & Pam Cartwright Handicap Hurdle,15:15:00,,9.6,Mrs J Williams,19
Newton Abbot,Remembering Len & Pam Cartwright Handicap Hurdle,15:15:00,Moorland Rambler (GB),9.6,Mrs J Williams,19
Leopardstown,Killavullan Stakes (Group 3),15:20:00,,2.1,J S Bolger,1
Leopardstown,Killavullan Stakes (Group 3),15:20:00,,2.1,A P O'Brien,1
Leopardstown,Killavullan Stakes (Group 3),15:20:00,,2.1,J P O'Brien,1
Leopardstown,Killavullan Stakes (Group 3),15:20:00,Yaupon De Replay (USA),2.1,J P O'Brien,1
Leopardstown,Killavullan Stakes (Group 3),15:20:00,,2.1,J P O'Brien,1
Leopardstown,Killavullan Stakes (Group 3),15:20:00,Spangled Sands (IRE),2.1,J P O'Brien,1
Leopardstown,Killavullan Stakes (Group 3),15:20:00,Daytona (IRE),2.1,A P O'Brien,1
Leopardstown,Killavullan Stakes (Group 3),15:20:00,Dorset (IRE),2.1,A P O'Brien,1
Leopardstown,Killavullan Stakes (Group 3),15:20:00,Mumhan (IRE),2.1,J S Bolger,1
Leopardstown,Killavullan Stakes (Group 3),15:20:00,,2.1,A P O'Brien,1
Stratford,Stephen John Thombs Memorial Handicap Chase,15:25:00,Outback Frontiers (IRE),1.9,J G M O'Shea,1
Stratford,Stephen John Thombs Memorial Handicap Chase,15:25:00,,1.9,Tracey Leeson,1
Stratford,Stephen John Thombs Memorial Handicap Chase,15:25:00,,1.9,Christian Williams,1
Stratford,Stephen John Thombs Memorial Handicap Chase,15:25:00,Invictus Allen (FR),1.9,Christian Williams,1
Stratford,Stephen John Thombs Memorial Handicap Chase,15:25:00,,1.9,J G M O'Shea,1
Stratford,Stephen John Thombs Memorial Handicap Chase,15:25:00,Annie Nail (IRE),1.9,Tracey Leeson,1
Stratford,Stephen John Thombs Memorial Handicap Chase,15:25:00,Bahtiyar (FR),1.91,M Young,7
Stratford,Stephen John Thombs Memorial Handicap Chase,15:25:00,,1.91,M Young,7
Stratford,Stephen John Thombs Memorial Handicap Chase,15:25:00,,2.44,W Greatrex,9
Stratford,Stephen John Thombs Memorial Handicap Chase,15:25:00,Tedwin Hills (IRE),2.44,W Greatrex,9
Stratford,Stephen John Thombs Memorial Handicap Chase,15:25:00,,2.52,Evan Williams,11
Stratford,Stephen John Thombs Memorial Handicap Chase,15:25:00,Yorgunnabeplucky (GB),2.52,Evan Williams,11
Stratford,Stephen John Thombs Memorial Handicap Chase,15:25:00,Jobesgreen Lad (GB),26,Mrs Tracey Barfoot-Saunt,13
Stratford,Stephen John Thombs Memorial Handicap Chase,15:25:00,,26,Mrs Tracey Barfoot-Saunt,13
,At The Races App Expert Tips Handicap,15:29:00,,3.5,R A Fahey,1
,At The Races App Expert Tips Handicap,15:29:00,,3.5,Billy Aprahamian,1
,At The Races App Expert Tips Handicap,15:29:00,,3.5,M Appleby,1
,At The Races App Expert Tips Handicap,15:29:00,,3.5,J Candlish,1
,At The Races App Expert Tips Handicap,15:29:00,Probe (GB),3.5,J Candlish,1
,At The Races App Expert Tips Handicap,15:29:00,Regal Envoy (IRE),3.5,W J Knight,1
,At The Races App Expert Tips Handicap,15:29:00,Marty Hopkirk (IRE),3.5,D Loughnane,1
,At The Races App Expert Tips Handicap,15:29:00,Atomic Force (IRE),3.5,E Bethell,1
,At The Races App Expert Tips Handicap,15:29:00,Wicket Keeper (IRE),3.5,E Bethell,1
,At The Races App Expert Tips Handicap,15:29:00,Brooklyn Nine Nine (IRE),3.5,R A Fahey,1
,At The Races App Expert Tips Handicap,15:29:00,,3.5,D Loughnane,1
,At The Races App Expert Tips Handicap,15:29:00,Super Saiyan (IRE),3.5,Billy Aprahamian,1
,At The Races App Expert Tips Handicap,15:29:00,Papa Cocktail (IRE),3.5,M Herrington,1
,At The Races App Expert Tips Handicap,15:29:00,,3.5,E Bethell,1
,At The Races App Expert Tips Handicap,15:29:00,Coul Angel (IRE),3.5,M Appleby,1
,At The Races App Expert Tips Handicap,15:29:00,,3.5,E Bethell,1
,At The Races App Expert Tips Handicap,15:29:00,Almarada Prince (IRE),3.5,I Furtado,1
,At The Races App Expert Tips Handicap,15:29:00,Miraculous (IRE),3.5,R Varian,1
,At The Races App Expert Tips Handicap,15:29:00,Queue Dos (GB),3.5,J S Moore,1
,At The Races App Expert Tips Handicap,15:29:00,,3.5,W J Knight,1
,At The Races App Expert Tips Handicap,15:29:00,Fair Wind (GB),3.5,Owen Burrows,1
,At The Races App Expert Tips Handicap,15:29:00,,3.5,Owen Burrows,1
,At The Races App Expert Tips Handicap,15:29:00,,3.5,J S Moore,1
,At The Races App Expert Tips Handicap,15:29:00,,3.5,R Varian,1
,At The Races App Expert Tips Handicap,15:29:00,,3.5,I Furtado,1
,At The Races App Expert Tips Handicap,15:29:00,,3.5,M Herrington,1
Limerick,Master Chefs Golden Vale Cup Handicap Hurdle (0-10,15:30:00,,1.03,A Ott,1
Limerick,Master Chefs Golden Vale Cup Handicap Hurdle (0-10,15:30:00,,1.03,D Deacon,1
Limerick,Master Chefs Golden Vale Cup Handicap Hurdle (0-10,15:30:00,,1.03,M M McNiff,1
Limerick,Master Chefs Golden Vale Cup Handicap Hurdle (0-10,15:30:00,Rhythmic Tune,1.03,M A Molloy,1
Limerick,Master Chefs Golden Vale Cup Handicap Hurdle (0-10,15:30:00,The Holmeister (IRE),1.03,David Barry,1
Limerick,Master Chefs Golden Vale Cup Handicap Hurdle (0-10,15:30:00,Ballerina Boxer (IRE),1.03,William Harvey,1
Limerick,Master Chefs Golden Vale Cup Handicap Hurdle (0-10,15:30:00,Annalough (IRE),1.03,M M McNiff,1
Limerick,Master Chefs Golden Vale Cup Handicap Hurdle (0-10,15:30:00,Scottish Dancer (IRE),1.03,E Doyle,1
Limerick,Master Chefs Golden Vale Cup Handicap Hurdle (0-10,15:30:00,Wild Mandate (IRE),1.03,M M McNiff,1
Limerick,Master Chefs Golden Vale Cup Handicap Hurdle (0-10,15:30:00,,1.03,E McNamara,1
Limerick,Master Chefs Golden Vale Cup Handicap Hurdle (0-10,15:30:00,,1.03,M M McNiff,1
Limerick,Master Chefs Golden Vale Cup Handicap Hurdle (0-10,15:30:00,,1.03,David Barry,1
Limerick,Master Chefs Golden Vale Cup Handicap Hurdle (0-10,15:30:00,,1.03,William Harvey,1
Limerick,Master Chefs Golden Vale Cup Handicap Hurdle (0-10,15:30:00,,1.03,E McNamara,1
Limerick,Master Chefs Golden Vale Cup Handicap Hurdle (0-10,15:30:00,,1.03,M M McNiff,1
Limerick,Master Chefs Golden Vale Cup Handicap Hurdle (0-10,15:30:00,,1.03,R Tyner,1
Limerick,Master Chefs Golden Vale Cup Handicap Hurdle (0-10,15:30:00,,1.03,M A Daly,1
Limerick,Master Chefs Golden Vale Cup Handicap Hurdle (0-10,15:30:00,,1.03,A Murray,1
Limerick,Master Chefs Golden Vale Cup Handicap Hurdle (0-10,15:30:00,,1.03,E McCarthy,1
Limerick,Master Chefs Golden Vale Cup Handicap Hurdle (0-10,15:30:00,,1.03,V T O'Brien,1
Limerick,Master Chefs Golden Vale Cup Handicap Hurdle (0-10,15:30:00,,1.03,L Young,1
Limerick,Master Chefs Golden Vale Cup Handicap Hurdle (0-10,15:30:00,,1.03,P J Rothwell,1
Limerick,Master Chefs Golden Vale Cup Handicap Hurdle (0-10,15:30:00,,1.03,A Slattery,1
Limerick,Master Chefs Golden Vale Cup Handicap Hurdle (0-10,15:30:00,,1.03,Peter Fahey,1
Limerick,Master Chefs Golden Vale Cup Handicap Hurdle (0-10,15:30:00,,1.03,E Doyle,1
Limerick,Master Chefs Golden Vale Cup Handicap Hurdle (0-10,15:30:00,Tennesse Boy (IRE),1.03,R Tyner,1
Limerick,Master Chefs Golden Vale Cup Handicap Hurdle (0-10,15:30:00,Whitewinewednesday (IRE),1.03,M A Daly,1
Limerick,Master Chefs Golden Vale Cup Handicap Hurdle (0-10,15:30:00,Hurricane Honey (IRE),1.03,A Murray,1
Limerick,Master Chefs Golden Vale Cup Handicap Hurdle (0-10,15:30:00,Younowhatimean (IRE),1.03,E McCarthy,1
Limerick,Master Chefs Golden Vale Cup Handicap Hurdle (0-10,15:30:00,Mr Erwitt (IRE),1.03,V T O'Brien,1
Limerick,Master Chefs Golden Vale Cup Handicap Hurdle (0-10,15:30:00,He Might Be Lucky (IRE),1.03,L Young,1
Limerick,Master Chefs Golden Vale Cup Handicap Hurdle (0-10,15:30:00,Blossom De Mai (FR),1.03,P J Rothwell,1
Limerick,Master Chefs Golden Vale Cup Handicap Hurdle (0-10,15:30:00,Betty Dutton (IRE),1.03,A Slattery,1
Limerick,Master Chefs Golden Vale Cup Handicap Hurdle (0-10,15:30:00,Hay Baby (IRE),1.03,Peter Fahey,1
Limerick,Master Chefs Golden Vale Cup Handicap Hurdle (0-10,15:30:00,The Sugarhill Lady (IRE),1.03,E McNamara,1
Limerick,Master Chefs Golden Vale Cup Handicap Hurdle (0-10,15:30:00,Lummi Island (IRE),1.03,D Deacon,1
Limerick,Master Chefs Golden Vale Cup Handicap Hurdle (0-10,15:30:00,Moulane West (IRE),1.03,M M McNiff,1
Limerick,Master Chefs Golden Vale Cup Handicap Hurdle (0-10,15:30:00,Inchidaly Copper (IRE),1.03,A Ott,1
Limerick,Master Chefs Golden Vale Cup Handicap Hurdle (0-10,15:30:00,Gaelic Des Chastys (FR),1.03,E McNamara,1
Limerick,Master Chefs Golden Vale Cup Handicap Hurdle (0-10,15:30:00,Rhythmic Tune,1.03,M A Molloy,1
Limerick,Master Chefs Golden Vale Cup Handicap Hurdle (0-10,15:30:00,Kilkee Bay (IRE),1.04,E McNamara,41
Limerick,Master Chefs Golden Vale Cup Handicap Hurdle (0-10,15:30:00,,1.04,E McNamara,41
Ascot,Balmoral Handicap (Sponsored By Qipco) (Str),15:40:00,Native Warrior (GB),6.8,K R Burke,1
Ascot,Balmoral Handicap (Sponsored By Qipco) (Str),15:40:00,,6.8,K R Burke,1
Ascot,Balmoral Handicap (Sponsored By Qipco) (Str),15:40:00,Shout (IRE),7.2,S & E Crisford,3
Ascot,Balmoral Handicap (Sponsored By Qipco) (Str),15:40:00,,7.2,S & E Crisford,3
Ascot,Balmoral Handicap (Sponsored By Qipco) (Str),15:40:00,,7.4,W J Haggas,5
Ascot,Balmoral Handicap (Sponsored By Qipco) (Str),15:40:00,Crown Of Oaks (GB),7.4,W J Haggas,5
Ascot,Balmoral Handicap (Sponsored By Qipco) (Str),15:40:00,Cerulean Bay (IRE),15.5,D O'Meara,7
Ascot,Balmoral Handicap (Sponsored By Qipco) (Str),15:40:00,,15.5,D O'Meara,7
Ascot,Balmoral Handicap (Sponsored By Qipco) (Str),15:40:00,Fifth Column (USA),16,J & T Gosden,9
Ascot,Balmoral Handicap (Sponsored By Qipco) (Str),15:40:00,,16,J & T Gosden,9
Ascot,Balmoral Handicap (Sponsored By Qipco) (Str),15:40:00,Arisaig (GB),18.5,C Johnston,11
Ascot,Balmoral Handicap (Sponsored By Qipco) (Str),15:40:00,,18.5,C Johnston,11
Ascot,Balmoral Handicap (Sponsored By Qipco) (Str),15:40:00,Holloway Boy (GB),19,K R Burke,13
Ascot,Balmoral Handicap (Sponsored By Qipco) (Str),15:40:00,,19,K R Burke,13
Ascot,Balmoral Handicap (Sponsored By Qipco) (Str),15:40:00,Greek Order (GB),20,M L W Bell,15
Ascot,Balmoral Handicap (Sponsored By Qipco) (Str),15:40:00,Ebt's Guard,20,W Muir & C Grassick,15
Ascot,Balmoral Handicap (Sponsored By Qipco) (Str),15:40:00,Ebt's Guard,20,W Muir & C Grassick,15
Ascot,Balmoral Handicap (Sponsored By Qipco) (Str),15:40:00,,20,M L W Bell,15
Ascot,Balmoral Handicap (Sponsored By Qipco) (Str),15:40:00,,23,Eve Johnson Houghton,19
Ascot,Balmoral Handicap (Sponsored By Qipco) (Str),15:40:00,Great Acclaim (GB),23,Eve Johnson Houghton,19
Ascot,Balmoral Handicap (Sponsored By Qipco) (Str),15:40:00,Oliver Show (IRE),28,G Boughey,21
Ascot,Balmoral Handicap (Sponsored By Qipco) (Str),15:40:00,,28,G Boughey,21
Ascot,Balmoral Handicap (Sponsored By Qipco) (Str),15:40:00,,29,W J Haggas,23
Ascot,Balmoral Handicap (Sponsored By Qipco) (Str),15:40:00,Godwinson (GB),29,W J Haggas,23
Ascot,Balmoral Handicap (Sponsored By Qipco) (Str),15:40:00,Bopedro (FR),29,D O'Meara,23
Ascot,Balmoral Handicap (Sponsored By Qipco) (Str),15:40:00,,29,D O'Meara,23
Ascot,Balmoral Handicap (Sponsored By Qipco) (Str),15:40:00,,32,D Menuisier,27
Ascot,Balmoral Handicap (Sponsored By Qipco) (Str),15:40:00,Tribal Chief (FR),32,D Menuisier,27
Ascot,Balmoral Handicap (Sponsored By Qipco) (Str),15:40:00,Orandi (FR),36,A J Martin,29
Ascot,Balmoral Handicap (Sponsored By Qipco) (Str),15:40:00,,36,A J Martin,29
Ascot,Balmoral Handicap (Sponsored By Qipco) (Str),15:40:00,,40,R Varian,31
Ascot,Balmoral Handicap (Sponsored By Qipco) (Str),15:40:00,Bobby Bennu (IRE),40,R Varian,31
Ascot,Balmoral Handicap (Sponsored By Qipco) (Str),15:40:00,,42,R Hannon,33
Ascot,Balmoral Handicap (Sponsored By Qipco) (Str),15:40:00,Witch Hunter (FR),42,R Hannon,33
Ascot,Balmoral Handicap (Sponsored By Qipco) (Str),15:40:00,Hafeet Alain (IRE),50,E Walker,35
Ascot,Balmoral Handicap (Sponsored By Qipco) (Str),15:40:00,,50,E Walker,35
Ascot,Balmoral Handicap (Sponsored By Qipco) (Str),15:40:00,,50,D O'Meara,35
Ascot,Balmoral Handicap (Sponsored By Qipco) (Str),15:40:00,Theoryofeverything (GB),50,D O'Meara,35
Ascot,Balmoral Handicap (Sponsored By Qipco) (Str),15:40:00,,100,R A Fahey,39
Ascot,Balmoral Handicap (Sponsored By Qipco) (Str),15:40:00,Golden Mind (IRE),100,R A Fahey,39
Leopardstown,Irish Stallion Farms EBF (C & G) Maiden,15:50:00,,1.1,Donnacha O'Brien,1
Leopardstown,Irish Stallion Farms EBF (C & G) Maiden,15:50:00,Karrygrant,1.1,J P Murtagh,1
Leopardstown,Irish Stallion Farms EBF (C & G) Maiden,15:50:00,,1.1,J P O'Brien,1
Leopardstown,Irish Stallion Farms EBF (C & G) Maiden,15:50:00,,1.1,A P O'Brien,1
Leopardstown,Irish Stallion Farms EBF (C & G) Maiden,15:50:00,,1.1,Donnacha O'Brien,1
Leopardstown,Irish Stallion Farms EBF (C & G) Maiden,15:50:00,,1.1,Mrs J Harrington,1
Leopardstown,Irish Stallion Farms EBF (C & G) Maiden,15:50:00,,1.1,Aidan Melia,1
Leopardstown,Irish Stallion Farms EBF (C & G) Maiden,15:50:00,Zenford,1.1,J P Murtagh,1
Leopardstown,Irish Stallion Farms EBF (C & G) Maiden,15:50:00,Elm Creek (IRE),1.1,Donnacha O'Brien,1
Leopardstown,Irish Stallion Farms EBF (C & G) Maiden,15:50:00,Karrygrant,1.1,J P Murtagh,1
Leopardstown,Irish Stallion Farms EBF (C & G) Maiden,15:50:00,Now Maybe (IRE),1.1,Mrs J Harrington,1
Leopardstown,Irish Stallion Farms EBF (C & G) Maiden,15:50:00,Dawson Street (IRE),1.1,Charles Weld,1
Leopardstown,Irish Stallion Farms EBF (C & G) Maiden,15:50:00,Never Ever (IRE),1.1,J P O'Brien,1
Leopardstown,Irish Stallion Farms EBF (C & G) Maiden,15:50:00,Circle Of Life (IRE),1.1,A P O'Brien,1
Leopardstown,Irish Stallion Farms EBF (C & G) Maiden,15:50:00,Venturing (IRE),1.1,Donnacha O'Brien,1
Leopardstown,Irish Stallion Farms EBF (C & G) Maiden,15:50:00,Unauthorized (GB),1.1,Aidan Melia,1
Leopardstown,Irish Stallion Farms EBF (C & G) Maiden,15:50:00,,1.1,Charles Weld,1
Leopardstown,Irish Stallion Farms EBF (C & G) Maiden,15:50:00,Zenford,1.1,J P Murtagh,1
Leopardstown,Irish Stallion Farms EBF (C & G) Maiden,15:50:00,Druids Glen,2.1,A P O'Brien,19
Leopardstown,Irish Stallion Farms EBF (C & G) Maiden,15:50:00,Druids Glen,2.1,A P O'Brien,19
Newton Abbot,Paul Ferguson's Jumpers To Follow Intermediate Cha,15:55:00,Blueking D'oroux,1.45,P F Nicholls,1
Newton Abbot,Paul Ferguson's Jumpers To Follow Intermediate Cha,15:55:00,Blueking D'oroux,1.45,P F Nicholls,1
Newton Abbot,Paul Ferguson's Jumpers To Follow Intermediate Cha,15:55:00,Lookaway (IRE),5.7,N B King,3
Newton Abbot,Paul Ferguson's Jumpers To Follow Intermediate Cha,15:55:00,,5.7,N B King,3
Newton Abbot,Paul Ferguson's Jumpers To Follow Intermediate Cha,15:55:00,,7,D Skelton,5
Newton Abbot,Paul Ferguson's Jumpers To Follow Intermediate Cha,15:55:00,Riskintheground (IRE),7,D Skelton,5
Newton Abbot,Paul Ferguson's Jumpers To Follow Intermediate Cha,15:55:00,Theformismighty (GB),16,D Skelton,7
Newton Abbot,Paul Ferguson's Jumpers To Follow Intermediate Cha,15:55:00,,16,D Skelton,7
Newton Abbot,Paul Ferguson's Jumpers To Follow Intermediate Cha,15:55:00,Gyenyame (GB),19,J Tizzard,9
Newton Abbot,Paul Ferguson's Jumpers To Follow Intermediate Cha,15:55:00,,19,J Tizzard,9
,Arc All-Weather 1MILLION Bonus Returns Handicap,15:59:00,,1.1,George Baker,1
,Arc All-Weather 1MILLION Bonus Returns Handicap,15:59:00,Juniper's Dream,1.1,P D Evans,1
,Arc All-Weather 1MILLION Bonus Returns Handicap,15:59:00,Watermelon Sugar (IRE),1.1,C Banham,1
,Arc All-Weather 1MILLION Bonus Returns Handicap,15:59:00,Initial Blue (IRE),1.1,R Hannon,1
,Arc All-Weather 1MILLION Bonus Returns Handicap,15:59:00,Ten Club (IRE),1.1,A Wintle,1
,Arc All-Weather 1MILLION Bonus Returns Handicap,15:59:00,Saffredi (GB),1.1,G Harris,1
,Arc All-Weather 1MILLION Bonus Returns Handicap,15:59:00,Secret Road (IRE),1.1,L Williamson,1
,Arc All-Weather 1MILLION Bonus Returns Handicap,15:59:00,Nordic Glory (IRE),1.1,M J Attwater,1
,Arc All-Weather 1MILLION Bonus Returns Handicap,15:59:00,How's The Guvnor,1.1,J Candlish,1
,Arc All-Weather 1MILLION Bonus Returns Handicap,15:59:00,Amerjeet (GB),1.1,I W McInnes,1
,Arc All-Weather 1MILLION Bonus Returns Handicap,15:59:00,Massimo Blue (GB),1.1,George Baker,1
,Arc All-Weather 1MILLION Bonus Returns Handicap,15:59:00,,1.1,R Hannon,1
,Arc All-Weather 1MILLION Bonus Returns Handicap,15:59:00,Dolly's Delight,1.1,I Furtado,1
,Arc All-Weather 1MILLION Bonus Returns Handicap,15:59:00,Dolly's Delight,1.1,I Furtado,1
,Arc All-Weather 1MILLION Bonus Returns Handicap,15:59:00,Juniper's Dream,1.1,P D Evans,1
,Arc All-Weather 1MILLION Bonus Returns Handicap,15:59:00,,1.1,C Banham,1
,Arc All-Weather 1MILLION Bonus Returns Handicap,15:59:00,,1.1,A Wintle,1
,Arc All-Weather 1MILLION Bonus Returns Handicap,15:59:00,,1.1,G Harris,1
,Arc All-Weather 1MILLION Bonus Returns Handicap,15:59:00,,1.1,L Williamson,1
,Arc All-Weather 1MILLION Bonus Returns Handicap,15:59:00,,1.1,M J Attwater,1
,Arc All-Weather 1MILLION Bonus Returns Handicap,15:59:00,How's The Guvnor,1.1,J Candlish,1
,Arc All-Weather 1MILLION Bonus Returns Handicap,15:59:00,,1.1,I W McInnes,1
,Arc All-Weather 1MILLION Bonus Returns Handicap,15:59:00,,2.54,I Furtado,23
,Arc All-Weather 1MILLION Bonus Returns Handicap,15:59:00,Bella Love (IRE),2.54,I Furtado,23
,Arc All-Weather 1MILLION Bonus Returns Handicap,15:59:00,Sam's Hope,6.2,Martin Dunne,25
,Arc All-Weather 1MILLION Bonus Returns Handicap,15:59:00,Sam's Hope,6.2,Martin Dunne,25
Limerick,Irish Stallion Farms EBF Mares (Pro/Am) Flat Race,16:00:00,,1.03,J C McConnell,1
Limerick,Irish Stallion Farms EBF Mares (Pro/Am) Flat Race,16:00:00,,1.03,M P Fitzgerald,1
Limerick,Irish Stallion Farms EBF Mares (Pro/Am) Flat Race,16:00:00,Amina (GER),1.03,J C McConnell,1
Limerick,Irish Stallion Farms EBF Mares (Pro/Am) Flat Race,16:00:00,Samba Train (IRE),1.03,E Bolger,1
Limerick,Irish Stallion Farms EBF Mares (Pro/Am) Flat Race,16:00:00,Ill Raise A Glass (IRE),1.03,M P Fitzgerald,1
Limerick,Irish Stallion Farms EBF Mares (Pro/Am) Flat Race,16:00:00,Lily Marlene,1.03,Paul Tobin,1
Limerick,Irish Stallion Farms EBF Mares (Pro/Am) Flat Race,16:00:00,Lily Marlene,1.03,Paul Tobin,1
Limerick,Irish Stallion Farms EBF Mares (Pro/Am) Flat Race,16:00:00,Alaskan View (IRE),1.03,W J Martin,1
Limerick,Irish Stallion Farms EBF Mares (Pro/Am) Flat Race,16:00:00,,1.03,E Bolger,1
Limerick,Irish Stallion Farms EBF Mares (Pro/Am) Flat Race,16:00:00,,1.03,W J Martin,1
Limerick,Irish Stallion Farms EBF Mares (Pro/Am) Flat Race,16:00:00,,1.03,J A Kinsella,1
Limerick,Irish Stallion Farms EBF Mares (Pro/Am) Flat Race,16:00:00,Voladora Nora (IRE),1.03,J A Kinsella,1
Limerick,Irish Stallion Farms EBF Mares (Pro/Am) Flat Race,16:00:00,Tumbling In (IRE),3.1,E McNamara,13
Limerick,Irish Stallion Farms EBF Mares (Pro/Am) Flat Race,16:00:00,,3.1,E McNamara,13
Leopardstown,Irish Stallion Farms EBF Nursery Handicap,16:20:00,Nod Of Approval (IRE),1.1,Mrs J Harrington,1
Leopardstown,Irish Stallion Farms EBF Nursery Handicap,16:20:00,Invincible Will (IRE),1.1,G P Cromwell,1
Leopardstown,Irish Stallion Farms EBF Nursery Handicap,16:20:00,,1.1,G M Lyons,1
Leopardstown,Irish Stallion Farms EBF Nursery Handicap,16:20:00,Clarity Of Thought (GB),1.1,J P O'Brien,1
Leopardstown,Irish Stallion Farms EBF Nursery Handicap,16:20:00,Estoublon (IRE),1.1,J P O'Brien,1
Leopardstown,Irish Stallion Farms EBF Nursery Handicap,16:20:00,,1.1,W Durkan,1
Leopardstown,Irish Stallion Farms EBF Nursery Handicap,16:20:00,Carwyn (IRE),1.1,G M Lyons,1
Leopardstown,Irish Stallion Farms EBF Nursery Handicap,16:20:00,,1.1,A P O'Brien,1
Leopardstown,Irish Stallion Farms EBF Nursery Handicap,16:20:00,Cherry Hill Girl (IRE),1.1,A Slattery,1
Leopardstown,Irish Stallion Farms EBF Nursery Handicap,16:20:00,,1.1,Gerard O'Leary,1
Leopardstown,Irish Stallion Farms EBF Nursery Handicap,16:20:00,,1.1,D K Weld,1
Leopardstown,Irish Stallion Farms EBF Nursery Handicap,16:20:00,,1.1,J P Murtagh,1
Leopardstown,Irish Stallion Farms EBF Nursery Handicap,16:20:00,,1.1,Mrs J Harrington,1
Leopardstown,Irish Stallion Farms EBF Nursery Handicap,16:20:00,,1.1,G P Cromwell,1
Leopardstown,Irish Stallion Farms EBF Nursery Handicap,16:20:00,,1.1,A Slattery,1
Leopardstown,Irish Stallion Farms EBF Nursery Handicap,16:20:00,,1.1,J P O'Brien,1
Leopardstown,Irish Stallion Farms EBF Nursery Handicap,16:20:00,,1.1,J P O'Brien,1
Leopardstown,Irish Stallion Farms EBF Nursery Handicap,16:20:00,,1.1,G M Lyons,1
Leopardstown,Irish Stallion Farms EBF Nursery Handicap,16:20:00,Time Bender (IRE),1.1,W Durkan,1
Leopardstown,Irish Stallion Farms EBF Nursery Handicap,16:20:00,River Ara (IRE),1.1,A P O'Brien,1
Leopardstown,Irish Stallion Farms EBF Nursery Handicap,16:20:00,Empty Wallet (IRE),1.1,G M Lyons,1
Leopardstown,Irish Stallion Farms EBF Nursery Handicap,16:20:00,Iamimmaculate (IRE),1.1,Gerard O'Leary,1
Leopardstown,Irish Stallion Farms EBF Nursery Handicap,16:20:00,Hamiyan (FR),1.1,D K Weld,1
Leopardstown,Irish Stallion Farms EBF Nursery Handicap,16:20:00,Bellamano (IRE),1.1,J P Murtagh,1
Newton Abbot,Torbay Weekly Handicap Chase (GBB Race),16:25:00,Haas Boy (FR),1.1,Chester Williams,1
Newton Abbot,Torbay Weekly Handicap Chase (GBB Race),16:25:00,Jaitroplaclasse (FR),1.1,R L Llewellyn,1
Newton Abbot,Torbay Weekly Handicap Chase (GBB Race),16:25:00,Authoceltic (FR),1.1,Mrs J Williams,1
Newton Abbot,Torbay Weekly Handicap Chase (GBB Race),16:25:00,,1.1,Chester Williams,1
Newton Abbot,Torbay Weekly Handicap Chase (GBB Race),16:25:00,,1.1,R L Llewellyn,1
Newton Abbot,Torbay Weekly Handicap Chase (GBB Race),16:25:00,,1.1,Mrs J Williams,1
Newton Abbot,Torbay Weekly Handicap Chase (GBB Race),16:25:00,Siam Park (IRE),2.82,J Tizzard,7
Newton Abbot,Torbay Weekly Handicap Chase (GBB Race),16:25:00,,2.82,J Tizzard,7
Newton Abbot,Torbay Weekly Handicap Chase (GBB Race),16:25:00,,4,Harry Derham,9
Newton Abbot,Torbay Weekly Handicap Chase (GBB Race),16:25:00,Nordic Tiger (FR),4,Harry Derham,9
,Download The Raceday Ready App Selling Stakes,16:30:00,,1.1,M Botti,1
,Download The Raceday Ready App Selling Stakes,16:30:00,,1.1,J A Osborne,1
,Download The Raceday Ready App Selling Stakes,16:30:00,,1.1,S C Williams,1
,Download The Raceday Ready App Selling Stakes,16:30:00,Bystander (IRE),1.1,S C Williams,1
,Download The Raceday Ready App Selling Stakes,16:30:00,Dosman (GB),1.1,J A Osborne,1
,Download The Raceday Ready App Selling Stakes,16:30:00,Big Sip (GB),1.1,M Botti,1
,Download The Raceday Ready App Selling Stakes,16:30:00,Ocean Odyssey (IRE),1.11,James Owen,7
,Download The Raceday Ready App Selling Stakes,16:30:00,,1.11,James Owen,7
,Download The Raceday Ready App Selling Stakes,16:30:00,Encourager (IRE),13,A W Carroll,9
,Download The Raceday Ready App Selling Stakes,16:30:00,,13,A W Carroll,9
Newton Abbot,Jodie Standing's Point-To-Point Recruits Open NH F,16:55:00,Soldier Reeves,1.1,D Skelton,1
Newton Abbot,Jodie Standing's Point-To-Point Recruits Open NH F,16:55:00,Peaky Girl (GB),1.1,A E Jones,1
Newton Abbot,Jodie Standing's Point-To-Point Recruits Open NH F,16:55:00,Hobbson's Day,1.1,T Lacey,1
Newton Abbot,Jodie Standing's Point-To-Point Recruits Open NH F,16:55:00,Not Now,1.1,N & W Twiston-Davies,1
Newton Abbot,Jodie Standing's Point-To-Point Recruits Open NH F,16:55:00,Soldier Reeves,1.1,D Skelton,1
Newton Abbot,Jodie Standing's Point-To-Point Recruits Open NH F,16:55:00,Not Now,1.1,N & W Twiston-Davies,1
Newton Abbot,Jodie Standing's Point-To-Point Recruits Open NH F,16:55:00,,1.1,A E Jones,1
Newton Abbot,Jodie Standing's Point-To-Point Recruits Open NH F,16:55:00,Hobbson's Day,1.1,T Lacey,1
Newton Abbot,Jodie Standing's Point-To-Point Recruits Open NH F,16:55:00,Great Dance,2,Chester Williams,9
Newton Abbot,Jodie Standing's Point-To-Point Recruits Open NH F,16:55:00,Great Dance,2,Chester Williams,9
,Sky Sports Racing Sky 415 Handicap (Div 1),17:00:00,,1.1,H Palmer,1
,Sky Sports Racing Sky 415 Handicap (Div 1),17:00:00,,1.1,J R Boyle,1
,Sky Sports Racing Sky 415 Handicap (Div 1),17:00:00,,1.1,P Owens,1
,Sky Sports Racing Sky 415 Handicap (Div 1),17:00:00,,1.1,K R Burke,1
,Sky Sports Racing Sky 415 Handicap (Div 1),17:00:00,Arth's Gold,1.1,R Hannon,1
,Sky Sports Racing Sky 415 Handicap (Div 1),17:00:00,,1.1,D M Loughnane,1
,Sky Sports Racing Sky 415 Handicap (Div 1),17:00:00,,1.1,J Candlish,1
,Sky Sports Racing Sky 415 Handicap (Div 1),17:00:00,,1.1,S Woods,1
,Sky Sports Racing Sky 415 Handicap (Div 1),17:00:00,Stipulation (IRE),1.1,D M Loughnane,1
,Sky Sports Racing Sky 415 Handicap (Div 1),17:00:00,Lazieelunch (GB),1.1,S Woods,1
,Sky Sports Racing Sky 415 Handicap (Div 1),17:00:00,Bobacious (GB),1.1,E A L Dunlop,1
,Sky Sports Racing Sky 415 Handicap (Div 1),17:00:00,Fihrayn (IRE),1.1,J R Boyle,1
,Sky Sports Racing Sky 415 Handicap (Div 1),17:00:00,American State (IRE),1.1,P Owens,1
,Sky Sports Racing Sky 415 Handicap (Div 1),17:00:00,Alpine Oasis (GB),1.1,K R Burke,1
,Sky Sports Racing Sky 415 Handicap (Div 1),17:00:00,Condotti (IRE),1.1,H Palmer,1
,Sky Sports Racing Sky 415 Handicap (Div 1),17:00:00,Arth's Gold,1.1,R Hannon,1
,Sky Sports Racing Sky 415 Handicap (Div 1),17:00:00,Imperial Trooper (IRE),1.1,J Candlish,1
,Sky Sports Racing Sky 415 Handicap (Div 1),17:00:00,,1.1,E A L Dunlop,1
,Sky Sports Racing Sky 415 Handicap (Div 1),17:00:00,King's Hand,2.08,Sir Mark Prescott,19
,Sky Sports Racing Sky 415 Handicap (Div 1),17:00:00,King's Hand,2.08,Sir Mark Prescott,19
,Sky Sports Racing Sky 415 Handicap (Div 2),17:30:00,Flaine (IRE),1.01,D Loughnane,1
,Sky Sports Racing Sky 415 Handicap (Div 2),17:30:00,,1.01,C Johnston,1
,Sky Sports Racing Sky 415 Handicap (Div 2),17:30:00,Camzara (IRE),1.01,G Boughey,1
,Sky Sports Racing Sky 415 Handicap (Div 2),17:30:00,,1.01,G Boughey,1
,Sky Sports Racing Sky 415 Handicap (Div 2),17:30:00,Liberty Bird (GB),1.01,C Johnston,1
,Sky Sports Racing Sky 415 Handicap (Div 2),17:30:00,,1.01,D Loughnane,1
,Sky Sports Racing Sky 415 Handicap (Div 2),17:30:00,Coolree (IRE),1.02,Lemos Souza,7
,Sky Sports Racing Sky 415 Handicap (Div 2),17:30:00,Bint Al Daar (GB),1.02,K Frost,7
,Sky Sports Racing Sky 415 Handicap (Div 2),17:30:00,,1.02,Lemos Souza,7
,Sky Sports Racing Sky 415 Handicap (Div 2),17:30:00,,1.02,K Frost,7
,Sky Sports Racing Sky 415 Handicap (Div 2),17:30:00,,1.09,H Palmer,11
,Sky Sports Racing Sky 415 Handicap (Div 2),17:30:00,Popeye Doyle (FR),1.09,H Palmer,11
,Sky Sports Racing Sky 415 Handicap (Div 2),17:30:00,,4.6,C Hills,13
,Sky Sports Racing Sky 415 Handicap (Div 2),17:30:00,Flightofthephoenix (IRE),4.6,C Hills,13
,Sky Sports Racing Sky 415 Handicap (Div 2),17:30:00,Risen Again (FR),5.8,Alice Haynes,15
,Sky Sports Racing Sky 415 Handicap (Div 2),17:30:00,,5.8,Alice Haynes,15
,Sky Sports Racing Sky 415 Handicap (Div 2),17:30:00,,8.6,T Ward,17
,Sky Sports Racing Sky 415 Handicap (Div 2),17:30:00,Shady Bay (IRE),8.6,T Ward,17
,Genting Casino Wolverhampton Handicap,18:00:00,Bedford (GB),1.1,A King,1
,Genting Casino Wolverhampton Handicap,18:00:00,Courageous Gold (IRE),1.1,D M Simcock,1
,Genting Casino Wolverhampton Handicap,18:00:00,,1.1,J Candlish,1
,Genting Casino Wolverhampton Handicap,18:00:00,Dancing Bay (IRE),1.1,J Candlish,1
,Genting Casino Wolverhampton Handicap,18:00:00,Star Of Jupiter (IRE),1.1,D M Loughnane,1
,Genting Casino Wolverhampton Handicap,18:00:00,Sneaky Blinder (FR),1.1,R Stephens,1
,Genting Casino Wolverhampton Handicap,18:00:00,Fashionelle (IRE),1.1,A Forbes,1
,Genting Casino Wolverhampton Handicap,18:00:00,,1.1,R Stephens,1
,Genting Casino Wolverhampton Handicap,18:00:00,,1.1,A Forbes,1
,Genting Casino Wolverhampton Handicap,18:00:00,,1.1,W Stone,1
,Genting Casino Wolverhampton Handicap,18:00:00,,1.1,A King,1
,Genting Casino Wolverhampton Handicap,18:00:00,,1.1,D M Simcock,1
,Genting Casino Wolverhampton Handicap,18:00:00,Forglen (GB),1.1,W Stone,1
,Genting Casino Wolverhampton Handicap,18:00:00,,1.1,D M Loughnane,1
,Genting Casino Wolverhampton Handicap,18:00:00,Witch Hazel (GB),1.11,J R Boyle,15
,Genting Casino Wolverhampton Handicap,18:00:00,,1.11,J R Boyle,15
,Genting Casino Wolverhampton Handicap,18:00:00,,3,J Candlish,17
,Genting Casino Wolverhampton Handicap,18:00:00,T Or Coffey (IRE),3,J Candlish,17
,Tips For Every Race At raceday-ready.com Handicap,18:30:00,,1.1,Fionn McSharry,1
,Tips For Every Race At raceday-ready.com Handicap,18:30:00,,1.1,Jack Jones,1
,Tips For Every Race At raceday-ready.com Handicap,18:30:00,Maris Angel (GB),1.1,Fionn McSharry,1
,Tips For Every Race At raceday-ready.com Handicap,18:30:00,Woodhay Whisper (IRE),1.1,Jack Jones,1
,Tips For Every Race At raceday-ready.com Handicap,18:30:00,,1.1,Mrs R Carr,1
,Tips For Every Race At raceday-ready.com Handicap,18:30:00,Lucky Man (IRE),1.1,J Candlish,1
,Tips For Every Race At raceday-ready.com Handicap,18:30:00,Level Up (IRE),1.1,P D Evans,1
,Tips For Every Race At raceday-ready.com Handicap,18:30:00,Good Point (GB),1.1,B Smart,1
,Tips For Every Race At raceday-ready.com Handicap,18:30:00,Silky Robin (IRE),1.1,Brian Toomey,1
,Tips For Every Race At raceday-ready.com Handicap,18:30:00,,1.1,J Candlish,1
,Tips For Every Race At raceday-ready.com Handicap,18:30:00,Invincible Crown (IRE),1.1,Mrs R Carr,1
,Tips For Every Race At raceday-ready.com Handicap,18:30:00,,1.1,P D Evans,1
,Tips For Every Race At raceday-ready.com Handicap,18:30:00,,1.1,Brian Toomey,1
,Tips For Every Race At raceday-ready.com Handicap,18:30:00,,1.1,B Smart,1
,Arc 1MILLION Bonus Bigger Than Ever Handicap,19:00:00,,1.1,J & S Quinn,1
,Arc 1MILLION Bonus Bigger Than Ever Handicap,19:00:00,,1.1,J R Fanshawe,1
,Arc 1MILLION Bonus Bigger Than Ever Handicap,19:00:00,,1.1,S Woods,1
,Arc 1MILLION Bonus Bigger Than Ever Handicap,19:00:00,,1.1,James Owen,1
,Arc 1MILLION Bonus Bigger Than Ever Handicap,19:00:00,,1.1,C Johnston,1
,Arc 1MILLION Bonus Bigger Than Ever Handicap,19:00:00,,1.1,J Tate,1
,Arc 1MILLION Bonus Bigger Than Ever Handicap,19:00:00,,1.1,A Watson,1
,Arc 1MILLION Bonus Bigger Than Ever Handicap,19:00:00,,1.1,M Appleby,1
,Arc 1MILLION Bonus Bigger Than Ever Handicap,19:00:00,Looks Fantastic (GB),1.1,M Appleby,1
,Arc 1MILLION Bonus Bigger Than Ever Handicap,19:00:00,Simply Blue (GB),1.1,D Loughnane,1
,Arc 1MILLION Bonus Bigger Than Ever Handicap,19:00:00,Fulford Cross (GB),1.1,D M Simcock,1
,Arc 1MILLION Bonus Bigger Than Ever Handicap,19:00:00,Maldevious (IRE),1.1,H Palmer,1
,Arc 1MILLION Bonus Bigger Than Ever Handicap,19:00:00,Highfield Sunshine (IRE),1.1,J & S Quinn,1
,Arc 1MILLION Bonus Bigger Than Ever Handicap,19:00:00,Me Tarzan (IRE),1.1,J R Fanshawe,1
,Arc 1MILLION Bonus Bigger Than Ever Handicap,19:00:00,Duca Di Lucca (GB),1.1,S Woods,1
,Arc 1MILLION Bonus Bigger Than Ever Handicap,19:00:00,Wadacre Maestro (GB),1.1,C Johnston,1
,Arc 1MILLION Bonus Bigger Than Ever Handicap,19:00:00,Moostar (GB),1.1,James Owen,1
,Arc 1MILLION Bonus Bigger Than Ever Handicap,19:00:00,Star Of Mali (IRE),1.1,J Tate,1
,Arc 1MILLION Bonus Bigger Than Ever Handicap,19:00:00,Summertime Blues (GB),1.1,A Watson,1
,Arc 1MILLION Bonus Bigger Than Ever Handicap,19:00:00,,1.1,D Loughnane,1
,Arc 1MILLION Bonus Bigger Than Ever Handicap,19:00:00,,1.1,D M Simcock,1
,Arc 1MILLION Bonus Bigger Than Ever Handicap,19:00:00,,1.1,H Palmer,1
,Get Raceday Ready Handicap,19:30:00,Little Saver (IRE),1.1,H Palmer,1
,Get Raceday Ready Handicap,19:30:00,Bintalina (GB),1.1,R Varian,1
,Get Raceday Ready Handicap,19:30:00,,1.1,I Mohammed,1
,Get Raceday Ready Handicap,19:30:00,,1.1,M & D Easterby,1
,Get Raceday Ready Handicap,19:30:00,,1.1,J S Moore,1
,Get Raceday Ready Handicap,19:30:00,,1.1,James Horton,1
,Get Raceday Ready Handicap,19:30:00,,1.1,S & E Crisford,1
,Get Raceday Ready Handicap,19:30:00,,1.1,C Johnston,1
,Get Raceday Ready Handicap,19:30:00,,1.1,Harry Eustace,1
,Get Raceday Ready Handicap,19:30:00,,1.1,R Varian,1
,Get Raceday Ready Handicap,19:30:00,,1.1,H Palmer,1
,Get Raceday Ready Handicap,19:30:00,Scarlet Sunset (GB),1.1,I Mohammed,1
,Get Raceday Ready Handicap,19:30:00,Desert Emperor (GB),1.1,M & D Easterby,1
,Get Raceday Ready Handicap,19:30:00,Raintown (IRE),1.1,J S Moore,1
,Get Raceday Ready Handicap,19:30:00,Is I Right (IRE),1.1,James Horton,1
,Get Raceday Ready Handicap,19:30:00,Telepathic (IRE),1.1,S & E Crisford,1
,Get Raceday Ready Handicap,19:30:00,Cayman Dancer (GB),1.1,C Johnston,1
,Get Raceday Ready Handicap,19:30:00,Twilight Safari (GB),1.1,Harry Eustace,1
,Get Raceday Ready Handicap,19:30:00,Eupator (FR),6,R Hannon,19
,Get Raceday Ready Handicap,19:30:00,,6,R Hannon,19
